Filename, min_x, max_x, min_y, max_y, min_z, max_z
./20131115_ncmp_hi_molokai_4QGJ1927.laz, -156.8893255, -156.8829552, 21.0383692, 21.0397578, -18.49, 0.32
./20131115_ncmp_hi_molokai_4QGJ1528.laz, -156.9266551, -156.9213034, 21.0478799, 21.0492484, -5.46, -0.38
./20131113_ncmp_hi_molokai_4QGJ0842.laz, -156.9965667, -156.9872873, 21.1732180, 21.1765221, 295.38, 484.83
./20131113_ncmp_hi_molokai_4QGJ0742.laz, -157.0027825, -156.9965556, 21.1756118, 21.1766018, 296.78, 441.74
./20131108_ncmp_hi_molokai_4QGJ3635.laz, -156.7279963, -156.7259884, 21.1080298, 21.1099194, -49.08, -34.70
./20131108_ncmp_hi_molokai_4QGJ3534.laz, -156.7377603, -156.7359413, 21.0994226, 21.1010185, -35.99, -25.70
./20131108_ncmp_hi_molokai_4QGJ3433.laz, -156.7475005, -156.7469141, 21.0916099, 21.0921192, -24.30, -22.05
./20131108_ncmp_hi_molokai_4QGJ3333.laz, -156.7572363, -156.7474949, 21.0840466, 21.0922455, -23.38, -0.79
./20131108_ncmp_hi_molokai_4QGJ3231.laz, -156.7670266, -156.7654299, 21.0727955, 21.0743145, -24.57, -19.01
./20131108_ncmp_hi_molokai_4QGJ3030.laz, -156.7864092, -156.7813529, 21.0633289, 21.0655396, -15.38, -6.94
./20131108_ncmp_hi_molokai_4QGJ2829.laz, -156.8057927, -156.7977564, 21.0536811, 21.0567598, -14.83, -6.41
./20131108_ncmp_hi_molokai_4QGJ2729.laz, -156.8154680, -156.8057485, 21.0498366, 21.0568842, -19.05, 0.14
./20131108_ncmp_hi_molokai_4QGJ2628.laz, -156.8251398, -156.8215597, 21.0462693, 21.0479786, -18.64, -8.58
./20131108_ncmp_hi_molokai_4QGJ2528.laz, -156.8348129, -156.8251171, 21.0426475, 21.0481009, -19.08, -0.57
./20131108_ncmp_hi_molokai_4QGJ2427.laz, -156.8444858, -156.8437889, 21.0389594, 21.0391940, -10.36, -8.34
./20131108_ncmp_hi_molokai_4QGJ2327.laz, -156.8541348, -156.8444830, 21.0368829, 21.0393149, -27.66, -0.32
./20131107_ncmp_hi_molokai_4QGJ3941.laz, -156.6984139, -156.6976448, 21.1547901, 21.1625911, -58.24, -53.17
./20131107_ncmp_hi_molokai_4QGJ3940.laz, -156.6985448, -156.6957892, 21.1456478, 21.1546256, -62.96, -53.66
./20131107_ncmp_hi_molokai_4QGJ3939.laz, -156.6986940, -156.6972612, 21.1366413, 21.1456388, -59.00, -54.16
./20131107_ncmp_hi_molokai_4QGJ3938.laz, -156.6987010, -156.6982204, 21.1359797, 21.1365808, -59.16, -56.20
./20131107_ncmp_hi_molokai_4QGJ3842.laz, -156.7079015, -156.6996004, 21.1637232, 21.1676881, -56.96, -35.07
./20131107_ncmp_hi_molokai_4QGJ3841.laz, -156.7080402, -156.6983133, 21.1546828, 21.1638284, -57.50, -0.62
./20131107_ncmp_hi_molokai_4QGJ3840.laz, -156.7081775, -156.6984262, 21.1456510, 21.1548009, -56.51, -8.07
./20131107_ncmp_hi_molokai_4QGJ3839.laz, -156.7083190, -156.6985664, 21.1366191, 21.1457727, -57.50, -28.04
./20131107_ncmp_hi_molokai_4QGJ3838.laz, -156.7084436, -156.6987009, 21.1281147, 21.1367430, -57.34, 27.69
./20131107_ncmp_hi_molokai_4QGJ3742.laz, -156.7175223, -156.7078612, 21.1638321, 21.1704165, -56.67, -32.63
./20131107_ncmp_hi_molokai_4QGJ3741.laz, -156.7176646, -156.7079036, 21.1548022, 21.1639556, -43.21, 145.45
./20131107_ncmp_hi_molokai_4QGJ3740.laz, -156.7178027, -156.7080424, 21.1457758, 21.1549315, -28.28, 129.87
./20131107_ncmp_hi_molokai_4QGJ3739.laz, -156.7179409, -156.7081838, 21.1367460, 21.1459027, -35.64, 98.43
./20131107_ncmp_hi_molokai_4QGJ3738.laz, -156.7180773, -156.7083213, 21.1277370, 21.1368743, -47.80, -2.52
./20131107_ncmp_hi_molokai_4QGJ3737.laz, -156.7181863, -156.7090413, 21.1202130, 21.1278447, -53.90, -20.69
./20131107_ncmp_hi_molokai_4QGJ3643.laz, -156.7270117, -156.7234604, 21.1730754, 21.1742366, -58.20, -50.73
./20131107_ncmp_hi_molokai_4QGJ3642.laz, -156.7271502, -156.7174406, 21.1639611, 21.1731173, -57.13, -27.47
./20131107_ncmp_hi_molokai_4QGJ3641.laz, -156.7272884, -156.7175274, 21.1549321, 21.1640876, -37.58, 225.60
./20131107_ncmp_hi_molokai_4QGJ3640.laz, -156.7273936, -156.7176653, 21.1459051, 21.1550613, 32.50, 252.57
./20131107_ncmp_hi_molokai_4QGJ3639.laz, -156.7251055, -156.7178045, 21.1368766, 21.1459826, -3.64, 121.90
./20131107_ncmp_hi_molokai_4QGJ3638.laz, -156.7277014, -156.7179427, 21.1278480, 21.1369713, -21.20, 155.72
./20131107_ncmp_hi_molokai_4QGJ3637.laz, -156.7278404, -156.7180821, 21.1188407, 21.1279758, -50.28, 40.96
./20131107_ncmp_hi_molokai_4QGJ3636.laz, -156.7279761, -156.7193492, 21.1099036, 21.1189464, -53.01, -18.54
./20131107_ncmp_hi_molokai_4QGJ3541.laz, -156.7369119, -156.7271540, 21.1550619, 21.1642180, -28.03, 153.72
./20131107_ncmp_hi_molokai_4QGJ3540.laz, -156.7369360, -156.7272897, 21.1482104, 21.1551894, 44.54, 241.00
./20131107_ncmp_hi_molokai_4QGJ3538.laz, -156.7354562, -156.7276005, 21.1279776, 21.1347035, 18.58, 157.86
./20131107_ncmp_hi_molokai_4QGJ3537.laz, -156.7374617, -156.7277032, 21.1189492, 21.1280801, -18.93, 134.48
./20131107_ncmp_hi_molokai_4QGJ3536.laz, -156.7375986, -156.7278426, 21.1099227, 21.1190760, -35.25, 85.84
./20131107_ncmp_hi_molokai_4QGJ3535.laz, -156.7377341, -156.7279792, 21.1009972, 21.1100478, -45.27, -9.08
./20131107_ncmp_hi_molokai_4QGJ3441.laz, -156.7421778, -156.7367763, 21.1551912, 21.1642513, -1.19, 197.43
./20131107_ncmp_hi_molokai_4QGJ3440.laz, -156.7389800, -156.7369144, 21.1536750, 21.1552167, 42.00, 113.74
./20131107_ncmp_hi_molokai_4QGJ3437.laz, -156.7408240, -156.7374256, 21.1190781, 21.1215335, 59.78, 124.93
./20131107_ncmp_hi_molokai_4QGJ3436.laz, -156.7472196, -156.7374636, 21.1100486, 21.1191211, -14.84, 122.31
./20131107_ncmp_hi_molokai_4QGJ3435.laz, -156.7473564, -156.7376001, 21.1010222, 21.1101763, -25.93, 83.06
./20131107_ncmp_hi_molokai_4QGJ3434.laz, -156.7474908, -156.7377365, 21.0921120, 21.1011476, -32.95, 0.13
./20131107_ncmp_hi_molokai_4QGJ3336.laz, -156.7513697, -156.7471636, 21.1101767, 21.1139745, 8.16, 133.73
./20131107_ncmp_hi_molokai_4QGJ3335.laz, -156.7569774, -156.7472208, 21.1011483, 21.1102314, -8.51, 135.37
./20131107_ncmp_hi_molokai_4QGJ3334.laz, -156.7571127, -156.7473574, 21.0921200, 21.1012749, -22.29, 54.95
./20131107_ncmp_hi_molokai_4QGJ3235.laz, -156.7626564, -156.7569112, 21.1012762, 21.1057338, 18.36, 139.73
./20131107_ncmp_hi_molokai_4QGJ3234.laz, -156.7667335, -156.7569782, 21.0922475, 21.1013499, -2.38, 120.27
./20131107_ncmp_hi_molokai_4QGJ3233.laz, -156.7668687, -156.7571143, 21.0832283, 21.0923734, -20.02, 22.83
./20131107_ncmp_hi_molokai_4QGJ3134.laz, -156.7727543, -156.7666578, 21.0923745, 21.0975179, 18.95, 116.24
./20131106_ncmp_hi_molokai_4QGJ3232.laz, -156.7670023, -156.7579088, 21.0742974, 21.0833449, -26.44, 0.09
./20131106_ncmp_hi_molokai_4QGJ3133.laz, -156.7764888, -156.7667350, 21.0833463, 21.0924529, -8.78, 105.50
./20131106_ncmp_hi_molokai_4QGJ3132.laz, -156.7766232, -156.7668707, 21.0743206, 21.0834709, -21.52, 25.20
./20131106_ncmp_hi_molokai_4QGJ3131.laz, -156.7767081, -156.7670068, 21.0682959, 21.0744418, -22.01, -1.40
./20131106_ncmp_hi_molokai_4QGJ3033.laz, -156.7861084, -156.7763966, 21.0834718, 21.0897531, 0.99, 93.18
./20131106_ncmp_hi_molokai_4QGJ3032.laz, -156.7862422, -156.7764899, 21.0744438, 21.0835971, -14.84, 56.68
./20131106_ncmp_hi_molokai_4QGJ3031.laz, -156.7863771, -156.7766246, 21.0654748, 21.0745683, -20.36, 0.48
./20131106_ncmp_hi_molokai_4QGJ2933.laz, -156.7904399, -156.7860859, 21.0835978, 21.0852034, 23.63, 131.38
./20131106_ncmp_hi_molokai_4QGJ2932.laz, -156.7958624, -156.7861100, 21.0745696, 21.0836537, -0.31, 183.18
./20131106_ncmp_hi_molokai_4QGJ2931.laz, -156.7959950, -156.7862440, 21.0655409, 21.0746930, -17.71, 32.39
./20131106_ncmp_hi_molokai_4QGJ2930.laz, -156.7961162, -156.7863779, 21.0575018, 21.0656643, -18.41, 0.19
./20131106_ncmp_hi_molokai_4QGJ2832.laz, -156.8054825, -156.7957648, 21.0746948, 21.0813634, 10.16, 197.23
./20131106_ncmp_hi_molokai_4QGJ2831.laz, -156.8056139, -156.7958639, 21.0656652, 21.0748185, -5.77, 91.59
./20131106_ncmp_hi_molokai_4QGJ2830.laz, -156.8057472, -156.7959968, 21.0566580, 21.0657886, -16.28, 0.33
./20131106_ncmp_hi_molokai_4QGJ2732.laz, -156.8129358, -156.8054380, 21.0748194, 21.0778767, 26.62, 149.80
./20131106_ncmp_hi_molokai_4QGJ2731.laz, -156.8152336, -156.8054837, 21.0657905, 21.0749147, -0.43, 139.43
./20131106_ncmp_hi_molokai_4QGJ2730.laz, -156.8153657, -156.8056160, 21.0567613, 21.0659114, -7.87, 14.68
./20131106_ncmp_hi_molokai_4QGJ2631.laz, -156.8248535, -156.8151173, 21.0659146, 21.0739398, -0.21, 146.46
./20131106_ncmp_hi_molokai_4QGJ2630.laz, -156.8249845, -156.8152360, 21.0568853, 21.0660372, -4.07, 30.26
./20131106_ncmp_hi_molokai_4QGJ2629.laz, -156.8251151, -156.8153672, 21.0479344, 21.0570077, -19.84, 0.47
./20131106_ncmp_hi_molokai_4QGJ2531.laz, -156.8344721, -156.8247951, 21.0660376, 21.0700670, 14.34, 117.01
./20131106_ncmp_hi_molokai_4QGJ2530.laz, -156.8346032, -156.8248541, 21.0570089, 21.0661601, -0.87, 106.02
./20131106_ncmp_hi_molokai_4QGJ2529.laz, -156.8347338, -156.8249859, 21.0479796, 21.0571303, -9.22, 21.75
./20131106_ncmp_hi_molokai_4QGJ2431.laz, -156.8350899, -156.8344699, 21.0661607, 21.0663858, 101.93, 111.29
./20131106_ncmp_hi_molokai_4QGJ2430.laz, -156.8442205, -156.8344733, 21.0571314, 21.0661675, 1.76, 110.17
./20131106_ncmp_hi_molokai_4QGJ2429.laz, -156.8443520, -156.8346044, 21.0481026, 21.0572515, -3.55, 31.63
./20131106_ncmp_hi_molokai_4QGJ2428.laz, -156.8444820, -156.8347352, 21.0391866, 21.0482225, -19.63, 0.39
./20131106_ncmp_hi_molokai_4QGJ2330.laz, -156.8538405, -156.8441424, 21.0572546, 21.0628297, 0.29, 92.27
./20131106_ncmp_hi_molokai_4QGJ2329.laz, -156.8539495, -156.8442229, 21.0482250, 21.0573744, -6.90, 21.55
./20131106_ncmp_hi_molokai_4QGJ2328.laz, -156.8540995, -156.8443536, 21.0391957, 21.0483205, -16.28, 0.41
./20131106_ncmp_hi_molokai_4QGJ2230.laz, -156.8621254, -156.8538192, 21.0573761, 21.0598677, 4.53, 87.55
./20131106_ncmp_hi_molokai_4QGJ2229.laz, -156.8635891, -156.8538425, 21.0483504, 21.0574793, -6.00, 40.14
./20131106_ncmp_hi_molokai_4QGJ1428.laz, -156.9318192, -156.9314862, 21.0492884, 21.0493067, -40.01, -38.22
./20131106_ncmp_hi_molokai_4QGJ1129.laz, -156.9677611, -156.9596547, 21.0567105, 21.0587769, -15.93, -4.51
./20131106_ncmp_hi_molokai_4QGJ0730.laz, -157.0030693, -156.9980137, 21.0668650, 21.0682264, -15.45, -5.43
./20131106_ncmp_hi_molokai_4QGJ0431.laz, -157.0363815, -157.0267554, 21.0746544, 21.0776473, -27.44, 0.32
./20131106_ncmp_hi_molokai_4QGJ0331.laz, -157.0382495, -157.0363782, 21.0771297, 21.0776694, -21.90, -16.21
./20131106_ncmp_hi_molokai_4QGJ0235.laz, -157.0552630, -157.0525266, 21.1049297, 21.1063701, 1.26, 19.34
./20131106_ncmp_hi_molokai_4QGJ0135.laz, -157.0648868, -157.0552469, 21.1049632, 21.1063863, 1.24, 22.25
./20131106_ncmp_hi_molokai_4QGJ0132.laz, -157.0651439, -157.0555032, 21.0823876, 21.0870088, -16.63, 0.34
./20131106_ncmp_hi_molokai_4QGJ0035.laz, -157.0725004, -157.0648792, 21.1050711, 21.1057650, 1.04, 21.16
./20131106_ncmp_hi_molokai_4QGJ0034.laz, -157.0746120, -157.0648889, 21.0960696, 21.1051572, -0.20, 35.99
./20131106_ncmp_hi_molokai_4QGJ0033.laz, -157.0747439, -157.0650185, 21.0870115, 21.0961456, -11.87, 0.43
./20131106_ncmp_hi_molokai_4QGJ0032.laz, -157.0747749, -157.0651242, 21.0847319, 21.0871185, -13.74, 0.12
./20131106_ncmp_hi_molokai_4QFJ9935.laz, -157.0841340, -157.0746587, 21.1051840, 21.1068094, 1.01, 23.58
./20131106_ncmp_hi_molokai_4QFJ9934.laz, -157.0842486, -157.0745137, 21.0961537, 21.1052884, -0.44, 28.66
./20131106_ncmp_hi_molokai_4QFJ9933.laz, -157.0843655, -157.0746353, 21.0871199, 21.0962540, -12.11, 0.44
./20131106_ncmp_hi_molokai_4QFJ9932.laz, -157.0844078, -157.0747449, 21.0840024, 21.0872276, -12.50, 0.31
./20131106_ncmp_hi_molokai_4QFJ9835.laz, -157.0937574, -157.0841212, 21.1052899, 21.1063577, 0.73, 10.76
./20131106_ncmp_hi_molokai_4QFJ9834.laz, -157.0938396, -157.0841365, 21.0962603, 21.1053976, -0.46, 21.22
./20131106_ncmp_hi_molokai_4QFJ9833.laz, -157.0939878, -157.0842552, 21.0872289, 21.0963451, -6.60, 0.38
./20131106_ncmp_hi_molokai_4QFJ9832.laz, -157.0940413, -157.0843675, 21.0831880, 21.0873365, -9.84, 0.37
./20131106_ncmp_hi_molokai_4QFJ9735.laz, -157.0965719, -157.0937546, 21.1053992, 21.1056954, 1.09, 4.77
./20131106_ncmp_hi_molokai_4QFJ9734.laz, -157.1034955, -157.0937585, 21.0964090, 21.1054290, -2.58, 17.34
./20131106_ncmp_hi_molokai_4QFJ9733.laz, -157.1036105, -157.0938917, 21.0873373, 21.0964744, -7.39, 0.44
./20131106_ncmp_hi_molokai_4QFJ9732.laz, -157.1036685, -157.0939897, 21.0827838, 21.0874440, -20.07, 0.33
./20131106_ncmp_hi_molokai_4QFJ9634.laz, -157.1131187, -157.1033884, 21.0964762, 21.1049740, -2.43, 21.34
./20131106_ncmp_hi_molokai_4QFJ9633.laz, -157.1132329, -157.1034978, 21.0874455, 21.0965819, -13.84, 0.44
./20131106_ncmp_hi_molokai_4QFJ9632.laz, -157.1132991, -157.1036125, 21.0822641, 21.0875518, -29.99, -3.07
./20131106_ncmp_hi_molokai_4QFJ9534.laz, -157.1227337, -157.1130207, 21.0965829, 21.1043940, -1.74, 39.39
./20131106_ncmp_hi_molokai_4QFJ9533.laz, -157.1228553, -157.1131196, 21.0875525, 21.0966890, -11.79, 4.96
./20131106_ncmp_hi_molokai_4QFJ9532.laz, -157.1229320, -157.1132334, 21.0815533, 21.0876584, -32.80, -0.96
./20131106_ncmp_hi_molokai_4QFJ9434.laz, -157.1323648, -157.1226571, 21.0967070, 21.1034604, 0.15, 71.69
./20131106_ncmp_hi_molokai_4QFJ9433.laz, -157.1324774, -157.1227425, 21.0876592, 21.0967950, -6.47, 16.24
./20131106_ncmp_hi_molokai_4QFJ9432.laz, -157.1325624, -157.1228559, 21.0809782, 21.0877635, -31.84, 0.37
./20131106_ncmp_hi_molokai_4QFJ9334.laz, -157.1419877, -157.1323115, 21.0967959, 21.1011067, 2.18, 85.89
./20131106_ncmp_hi_molokai_4QFJ9333.laz, -157.1420999, -157.1323655, 21.0877661, 21.0969009, -2.32, 40.25
./20131106_ncmp_hi_molokai_4QFJ9332.laz, -157.1421939, -157.1324793, 21.0802067, 21.0878702, -30.56, 0.32
./20131106_ncmp_hi_molokai_4QFJ9234.laz, -157.1516113, -157.1419658, 21.0969016, 21.0987094, 14.73, 75.98
./20131106_ncmp_hi_molokai_4QFJ9233.laz, -157.1517214, -157.1419886, 21.0878713, 21.0970055, -2.15, 53.75
./20131106_ncmp_hi_molokai_4QFJ9232.laz, -157.1518257, -157.1421011, 21.0796047, 21.0879743, -32.22, 0.27
./20131106_ncmp_hi_molokai_4QFJ9134.laz, -157.1612340, -157.1515983, 21.0970070, 21.0981097, 16.49, 70.71
./20131106_ncmp_hi_molokai_4QFJ9133.laz, -157.1613454, -157.1516125, 21.0879770, 21.0971105, -1.59, 61.59
./20131106_ncmp_hi_molokai_4QFJ9132.laz, -157.1614562, -157.1517262, 21.0790370, 21.0880797, -33.96, 0.36
./20131106_ncmp_hi_molokai_4QFJ9131.laz, -157.1614578, -157.1603131, 21.0788871, 21.0790486, -32.93, -30.51
./20131106_ncmp_hi_molokai_4QFJ9034.laz, -157.1668116, -157.1612286, 21.0971118, 21.0976419, 16.07, 47.06
./20131106_ncmp_hi_molokai_4QFJ9033.laz, -157.1709685, -157.1612357, 21.0880810, 21.0971711, -2.16, 63.01
./20131106_ncmp_hi_molokai_4QFJ9032.laz, -157.1710756, -157.1613465, 21.0790506, 21.0881838, -35.81, 0.50
./20131106_ncmp_hi_molokai_4QFJ9031.laz, -157.1710846, -157.1614585, 21.0781232, 21.0791503, -43.75, -27.78
./20131106_ncmp_hi_molokai_4QFJ8933.laz, -157.1805901, -157.1708619, 21.0881847, 21.0969162, -2.20, 71.29
./20131106_ncmp_hi_molokai_4QFJ8932.laz, -157.1807011, -157.1709692, 21.0791563, 21.0882874, -29.12, 0.52
./20131106_ncmp_hi_molokai_4QFJ8931.laz, -157.1807179, -157.1710821, 21.0776829, 21.0792530, -43.89, -23.33
./20131106_ncmp_hi_molokai_4QFJ8833.laz, -157.1902139, -157.1804947, 21.0882894, 21.0962746, -3.88, 79.91
./20131106_ncmp_hi_molokai_4QFJ8832.laz, -157.1903231, -157.1805924, 21.0792606, 21.0883902, -26.20, 0.49
./20131106_ncmp_hi_molokai_4QFJ8831.laz, -157.1903519, -157.1807034, 21.0768770, 21.0793592, -40.41, -20.05
./20131106_ncmp_hi_molokai_4QFJ8733.laz, -157.1998362, -157.1901271, 21.0883914, 21.0955977, -3.26, 75.18
./20131106_ncmp_hi_molokai_4QFJ8732.laz, -157.1999430, -157.1902144, 21.0793607, 21.0884911, -22.59, 0.51
./20131106_ncmp_hi_molokai_4QFJ8731.laz, -157.1999793, -157.1903243, 21.0765573, 21.0794592, -31.81, -17.10
./20131106_ncmp_hi_molokai_4QFJ8633.laz, -157.2094595, -157.1997598, 21.0884945, 21.0949787, -3.57, 80.48
./20131106_ncmp_hi_molokai_4QFJ8632.laz, -157.2095681, -157.1998385, 21.0794640, 21.0885946, -20.46, 0.27
./20131106_ncmp_hi_molokai_4QFJ8631.laz, -157.2096109, -157.1999467, 21.0759719, 21.0795633, -27.11, -15.94
./20131106_ncmp_hi_molokai_4QFJ8533.laz, -157.2190821, -157.2093900, 21.0885957, 21.0944994, -3.68, 51.83
./20131106_ncmp_hi_molokai_4QFJ8532.laz, -157.2191894, -157.2094612, 21.0795639, 21.0886955, -18.22, 0.32
./20131106_ncmp_hi_molokai_4QFJ8531.laz, -157.2192423, -157.2095707, 21.0751314, 21.0796627, -27.59, -15.16
./20131106_ncmp_hi_molokai_4QFJ8433.laz, -157.2287053, -157.2190218, 21.0886968, 21.0938665, -2.45, 51.26
./20131106_ncmp_hi_molokai_4QFJ8432.laz, -157.2288123, -157.2190838, 21.0796653, 21.0887961, -17.98, 2.61
./20131106_ncmp_hi_molokai_4QFJ8431.laz, -157.2288727, -157.2191919, 21.0747008, 21.0797638, -27.92, -12.35
./20131106_ncmp_hi_molokai_4QFJ7834.laz, -157.2863421, -157.2828010, 21.0983858, 21.0992588, 50.34, 70.87
./20131106_ncmp_hi_molokai_4QFJ7734.laz, -157.2959667, -157.2863331, 21.0984221, 21.1012006, 42.44, 66.30
./20131105_ncmp_hi_molokai_4QGJ3543.laz, -156.7366369, -156.7269997, 21.1731225, 21.1795566, -59.24, -9.39
./20131105_ncmp_hi_molokai_4QGJ3542.laz, -156.7367746, -156.7270183, 21.1640919, 21.1732450, -51.32, 130.31
./20131105_ncmp_hi_molokai_4QGJ3444.laz, -156.7454802, -156.7453502, 21.1824390, 21.1824856, -43.24, -40.60
./20131105_ncmp_hi_molokai_4QGJ3443.laz, -156.7462628, -156.7365546, 21.1732503, 21.1823878, -57.52, 110.46
./20131105_ncmp_hi_molokai_4QGJ3442.laz, -156.7452225, -156.7366415, 21.1642202, 21.1733621, -12.98, 307.37
./20131105_ncmp_hi_molokai_4QGJ3343.laz, -156.7558866, -156.7461540, 21.1734340, 21.1822245, -55.58, 174.76
./20131105_ncmp_hi_molokai_4QGJ3244.laz, -156.7653699, -156.7650152, 21.1826592, 21.1828627, -49.13, -35.57
./20131105_ncmp_hi_molokai_4QGJ3243.laz, -156.7655135, -156.7557759, 21.1736838, 21.1826530, -54.53, 196.52
./20131105_ncmp_hi_molokai_4QGJ3144.laz, -156.7750051, -156.7653961, 21.1826661, 21.1841928, -54.34, -18.97
./20131105_ncmp_hi_molokai_4QGJ3143.laz, -156.7751406, -156.7653832, 21.1736475, 21.1827831, -44.95, 120.56
./20131105_ncmp_hi_molokai_4QGJ3142.laz, -156.7751425, -156.7666773, 21.1734522, 21.1737580, -0.37, 130.76
./20131105_ncmp_hi_molokai_4QGJ3044.laz, -156.7846294, -156.7750040, 21.1827883, 21.1845021, -56.44, -26.18
./20131105_ncmp_hi_molokai_4QGJ3043.laz, -156.7847660, -156.7750068, 21.1737599, 21.1829114, -50.39, 90.34
./20131105_ncmp_hi_molokai_4QGJ3042.laz, -156.7847842, -156.7751425, 21.1726947, 21.1738845, -4.09, 107.55
./20131105_ncmp_hi_molokai_4QGJ2944.laz, -156.7891705, -156.7846265, 21.1829229, 21.1840548, -55.37, -48.60
./20131105_ncmp_hi_molokai_4QGJ2943.laz, -156.7943899, -156.7846354, 21.1738863, 21.1829630, -54.41, 3.69
./20131105_ncmp_hi_molokai_4QGJ2942.laz, -156.7944211, -156.7847683, 21.1699815, 21.1740091, -22.49, 46.10
./20131105_ncmp_hi_molokai_4QGJ2843.laz, -156.8040181, -156.7942631, 21.1740128, 21.1829485, -55.61, 43.91
./20131105_ncmp_hi_molokai_4QGJ2842.laz, -156.8040590, -156.7943939, 21.1713959, 21.1741361, -22.27, 133.11
./20131105_ncmp_hi_molokai_4QGJ2744.laz, -156.8107748, -156.8094263, 21.1832404, 21.1835851, -52.44, -43.53
./20131105_ncmp_hi_molokai_4QGJ2743.laz, -156.8136446, -156.8039128, 21.1741373, 21.1832466, -55.06, 47.59
./20131105_ncmp_hi_molokai_4QGJ2742.laz, -156.8136677, -156.8040199, 21.1713057, 21.1742609, -9.20, 160.49
./20131105_ncmp_hi_molokai_4QGJ2643.laz, -156.8232708, -156.8135356, 21.1742620, 21.1819591, -56.36, -5.44
./20131105_ncmp_hi_molokai_4QGJ2642.laz, -156.8233289, -156.8136457, 21.1704297, 21.1743845, -17.73, 0.14
./20131105_ncmp_hi_molokai_4QGJ2543.laz, -156.8328975, -156.8231801, 21.1743873, 21.1815034, -56.08, -16.07
./20131105_ncmp_hi_molokai_4QGJ2542.laz, -156.8329940, -156.8232718, 21.1677645, 21.1745077, -29.88, -5.72
./20131105_ncmp_hi_molokai_4QGJ2443.laz, -156.8425218, -156.8328272, 21.1745112, 21.1800486, -53.72, -29.35
./20131105_ncmp_hi_molokai_4QGJ2442.laz, -156.8426535, -156.8329002, 21.1655014, 21.1746318, -33.62, 44.79
./20131105_ncmp_hi_molokai_4QGJ2441.laz, -156.8426322, -156.8346048, 21.1645160, 21.1656022, -5.75, 61.38
./20131105_ncmp_hi_molokai_4QGJ2343.laz, -156.8521491, -156.8424668, 21.1746343, 21.1801883, -55.79, -23.05
./20131105_ncmp_hi_molokai_4QGJ2342.laz, -156.8522750, -156.8425260, 21.1656422, 21.1747534, -33.00, 43.43
./20131105_ncmp_hi_molokai_4QGJ2341.laz, -156.8520531, -156.8468223, 21.1653847, 21.1657163, -7.65, 24.20
./20131105_ncmp_hi_molokai_4QGJ2244.laz, -156.8602587, -156.8584991, 21.1838689, 21.1843964, -50.80, -28.56
./20131105_ncmp_hi_molokai_4QGJ2243.laz, -156.8617752, -156.8520885, 21.1747553, 21.1838823, -56.30, -20.82
./20131105_ncmp_hi_molokai_4QGJ2242.laz, -156.8619044, -156.8521513, 21.1657288, 21.1748760, -36.20, -2.39
./20131105_ncmp_hi_molokai_4QGJ2241.laz, -156.8619221, -156.8524013, 21.1646327, 21.1658467, -13.02, -1.58
./20131105_ncmp_hi_molokai_4QGJ2228.laz, -156.8637176, -156.8539756, 21.0393185, 21.0484667, -17.27, 0.43
./20131105_ncmp_hi_molokai_4QGJ2227.laz, -156.8638143, -156.8541027, 21.0325088, 21.0394372, -35.60, 0.35
./20131105_ncmp_hi_molokai_4QGJ2144.laz, -156.8690513, -156.8616655, 21.1839099, 21.1844290, -50.54, -37.30
./20131105_ncmp_hi_molokai_4QGJ2143.laz, -156.8713990, -156.8616627, 21.1748817, 21.1839956, -52.21, -25.38
./20131105_ncmp_hi_molokai_4QGJ2142.laz, -156.8715237, -156.8617782, 21.1658500, 21.1749960, -42.45, -4.02
./20131105_ncmp_hi_molokai_4QGJ2141.laz, -156.8715491, -156.8619085, 21.1638000, 21.1659450, -12.57, 85.46
./20131105_ncmp_hi_molokai_4QGJ2127.laz, -156.8734279, -156.8637189, 21.0317095, 21.0395573, -27.60, 0.45
./20131105_ncmp_hi_molokai_4QGJ2043.laz, -156.8784072, -156.8713209, 21.1750022, 21.1811885, -51.90, -21.53
./20131105_ncmp_hi_molokai_4QGJ2042.laz, -156.8810910, -156.8714085, 21.1659871, 21.1750704, -49.99, 50.40
./20131105_ncmp_hi_molokai_4QGJ2041.laz, -156.8811726, -156.8715458, 21.1646813, 21.1660621, -18.03, 108.84
./20131105_ncmp_hi_molokai_4QGJ2027.laz, -156.8829723, -156.8733366, 21.0320264, 21.0396782, -32.82, 0.44
./20131105_ncmp_hi_molokai_4QGJ1943.laz, -156.8855043, -156.8842577, 21.1751690, 21.1758169, -33.71, 0.56
./20131105_ncmp_hi_molokai_4QGJ1942.laz, -156.8907607, -156.8810625, 21.1661022, 21.1751749, -43.10, 218.24
./20131105_ncmp_hi_molokai_4QGJ1941.laz, -156.8878344, -156.8811659, 21.1647132, 21.1661570, -19.06, 218.00
./20131105_ncmp_hi_molokai_4QGJ1928.laz, -156.8925609, -156.8828268, 21.0396818, 21.0488276, -24.76, 24.73
./20131105_ncmp_hi_molokai_4QGJ1842.laz, -156.9004087, -156.8907451, 21.1662258, 21.1748270, -44.56, 159.09
./20131105_ncmp_hi_molokai_4QGJ1841.laz, -156.9004372, -156.8916930, 21.1640253, 21.1663262, -27.23, 119.14
./20131105_ncmp_hi_molokai_4QGJ1828.laz, -156.9021403, -156.8924452, 21.0405481, 21.0489467, -31.84, 0.48
./20131105_ncmp_hi_molokai_4QGJ1743.laz, -156.9099029, -156.9061104, 21.1754546, 21.1762087, -46.17, -43.09
./20131105_ncmp_hi_molokai_4QGJ1742.laz, -156.9100369, -156.9003058, 21.1663334, 21.1754733, -45.43, -2.93
./20131105_ncmp_hi_molokai_4QGJ1741.laz, -156.9100665, -156.9004129, 21.1633356, 21.1664490, -25.23, 171.13
./20131105_ncmp_hi_molokai_4QGJ1728.laz, -156.9117309, -156.9020642, 21.0434440, 21.0490649, -26.48, 0.48
./20131105_ncmp_hi_molokai_4QGJ1643.laz, -156.9195350, -156.9099790, 21.1754932, 21.1798222, -49.94, -34.06
./20131105_ncmp_hi_molokai_4QGJ1642.laz, -156.9196368, -156.9099168, 21.1664502, 21.1755950, -44.18, 121.24
./20131105_ncmp_hi_molokai_4QGJ1641.laz, -156.9142500, -156.9100378, 21.1643482, 21.1665014, -6.34, 61.46
./20131105_ncmp_hi_molokai_4QGJ1628.laz, -156.9213181, -156.9116827, 21.0455519, 21.0491820, -14.19, 0.38
./20131105_ncmp_hi_molokai_4QGJ1543.laz, -156.9291632, -156.9194924, 21.1756016, 21.1841568, -52.42, 110.99
./20131105_ncmp_hi_molokai_4QGJ1542.laz, -156.9292398, -156.9195392, 21.1684473, 21.1757152, -34.77, 125.29
./20131105_ncmp_hi_molokai_4QGJ1529.laz, -156.9309171, -156.9211759, 21.0491842, 21.0583306, -34.47, 0.52
./20131105_ncmp_hi_molokai_4QGJ1442.laz, -156.9388547, -156.9291647, 21.1698385, 21.1758325, -27.20, 97.43
./20131105_ncmp_hi_molokai_4QGJ1429.laz, -156.9405082, -156.9307952, 21.0493099, 21.0584465, -39.75, 0.47
./20131105_ncmp_hi_molokai_4QGJ1342.laz, -156.9476100, -156.9387914, 21.1705907, 21.1759230, -21.18, 83.50
./20131105_ncmp_hi_molokai_4QGJ1329.laz, -156.9500913, -156.9404147, 21.0516084, 21.0585633, -24.48, 0.45
./20131105_ncmp_hi_molokai_4QGJ1229.laz, -156.9596798, -156.9500346, 21.0542788, 21.0586794, -36.05, 0.35
./20131105_ncmp_hi_molokai_4QGJ1130.laz, -156.9692665, -156.9595306, 21.0586809, 21.0678246, -15.96, 20.07
./20131105_ncmp_hi_molokai_4QGJ1030.laz, -156.9788541, -156.9691508, 21.0591655, 21.0679395, -31.31, 0.40
./20131105_ncmp_hi_molokai_4QGJ0930.laz, -156.9884408, -156.9787717, 21.0617451, 21.0680540, -17.39, 0.38
./20131105_ncmp_hi_molokai_4QGJ0831.laz, -156.9980087, -156.9882705, 21.0680546, 21.0771973, -6.18, 26.04
./20131105_ncmp_hi_molokai_4QGJ0830.laz, -156.9980280, -156.9883919, 21.0643168, 21.0681636, -16.39, -0.65
./20131105_ncmp_hi_molokai_4QGJ0731.laz, -157.0076164, -156.9978918, 21.0681729, 21.0773110, -15.46, 11.11
./20131105_ncmp_hi_molokai_4QGJ0631.laz, -157.0172024, -157.0075119, 21.0693863, 21.0774235, -11.84, 0.44
./20131105_ncmp_hi_molokai_4QGJ0531.laz, -157.0267914, -157.0171335, 21.0721121, 21.0775358, -5.45, 0.48
./20131105_ncmp_hi_molokai_4QGJ0432.laz, -157.0363736, -157.0266347, 21.0775374, 21.0866778, -18.55, 16.88
./20131105_ncmp_hi_molokai_4QGJ0332.laz, -157.0459706, -157.0362568, 21.0776492, 21.0867891, -26.59, 0.39
./20131105_ncmp_hi_molokai_4QGJ0232.laz, -157.0555585, -157.0458796, 21.0797066, 21.0868985, -25.10, 0.38
./20131105_ncmp_hi_molokai_4QGJ0043.laz, -157.0734780, -157.0638320, 21.1827196, 21.1864535, 166.47, 220.87
./20131105_ncmp_hi_molokai_4QFJ9943.laz, -157.0822083, -157.0734601, 21.1849452, 21.1865532, 147.42, 176.33
./20131105_ncmp_hi_molokai_4QFJ9643.laz, -157.1109265, -157.1087475, 21.1865246, 21.1868767, 119.69, 128.07
./20131105_ncmp_hi_molokai_4QFJ9546.laz, -157.1213657, -157.1185185, 21.2050383, 21.2061525, -55.72, -51.62
./20131105_ncmp_hi_molokai_4QFJ9544.laz, -157.1215723, -157.1118608, 21.1875928, 21.1960265, -8.91, 111.95
./20131105_ncmp_hi_molokai_4QFJ9444.laz, -157.1311791, -157.1214892, 21.1894160, 21.1961327, 20.07, 82.95
./20131105_ncmp_hi_molokai_4QFJ9344.laz, -157.1408164, -157.1311187, 21.1901185, 21.1962390, 16.79, 55.55
./20131105_ncmp_hi_molokai_4QFJ9244.laz, -157.1504223, -157.1407480, 21.1907480, 21.1963448, 2.88, 39.72
./20131105_ncmp_hi_molokai_4QFJ9144.laz, -157.1600340, -157.1503787, 21.1927189, 21.1964498, 2.37, 32.57
./20131105_ncmp_hi_molokai_4QFJ9045.laz, -157.1696363, -157.1598957, 21.1964510, 21.2055848, -13.90, 34.87
./20131105_ncmp_hi_molokai_4QFJ9044.laz, -157.1696383, -157.1600080, 21.1942651, 21.1965545, 6.64, 33.46
./20131105_ncmp_hi_molokai_4QFJ8945.laz, -157.1792405, -157.1695276, 21.1965556, 21.2056895, -13.64, 116.55
./20131105_ncmp_hi_molokai_4QFJ8944.laz, -157.1700062, -157.1696373, 21.1964117, 21.1965588, 31.13, 36.43
./20131105_ncmp_hi_molokai_4QFJ8845.laz, -157.1888475, -157.1791563, 21.1987690, 21.2057929, -13.14, 164.54
./20131105_ncmp_hi_molokai_4QFJ8745.laz, -157.1984547, -157.1887876, 21.2007539, 21.2058960, -7.01, 169.67
./20131105_ncmp_hi_molokai_4QFJ8646.laz, -157.2080208, -157.1983078, 21.2058973, 21.2150299, -4.76, 203.68
./20131105_ncmp_hi_molokai_4QFJ8645.laz, -157.2047361, -157.1984174, 21.2027705, 21.2059601, 159.26, 185.69
./20131105_ncmp_hi_molokai_4QFJ8546.laz, -157.2176294, -157.2079387, 21.2081866, 21.2151317, 104.28, 183.30
./20131105_ncmp_hi_molokai_4QFJ8446.laz, -157.2272429, -157.2175700, 21.2101130, 21.2152330, 141.70, 177.09
./20131105_ncmp_hi_molokai_4QFJ8346.laz, -157.2368553, -157.2272010, 21.2116977, 21.2153341, 81.24, 180.93
./20131105_ncmp_hi_molokai_4QFJ8333.laz, -157.2383288, -157.2286562, 21.0887988, 21.0930720, 0.92, 67.73
./20131105_ncmp_hi_molokai_4QFJ8233.laz, -157.2479518, -157.2382861, 21.0888975, 21.0928733, 2.14, 78.77
./20131105_ncmp_hi_molokai_4QFJ8133.laz, -157.2575755, -157.2479073, 21.0889972, 21.0948656, 2.39, 87.80
./20131016_ncmp_hi_molokai_4QGJ2129.laz, -156.8732077, -156.8634689, 21.0484677, 21.0569072, -1.89, 32.43
./20131016_ncmp_hi_molokai_4QGJ2128.laz, -156.8733348, -156.8635910, 21.0394391, 21.0485877, -10.00, 3.02
./20131016_ncmp_hi_molokai_4QGJ2029.laz, -156.8828257, -156.8731455, 21.0485883, 21.0538259, 0.62, 32.51
./20131016_ncmp_hi_molokai_4QGJ2028.laz, -156.8829516, -156.8732082, 21.0395602, 21.0487077, -9.53, 26.63
./20131016_ncmp_hi_molokai_4QGJ1930.laz, -156.8923173, -156.8915768, 21.0578485, 21.0578954, 36.15, 62.77
./20131016_ncmp_hi_molokai_4QGJ1929.laz, -156.8924442, -156.8827543, 21.0487088, 21.0578570, -0.38, 61.89
./20131016_ncmp_hi_molokai_4QGJ1830.laz, -156.9019365, -156.8923173, 21.0578577, 21.0603196, 21.90, 109.53
./20131016_ncmp_hi_molokai_4QGJ1829.laz, -156.9020622, -156.8923181, 21.0488283, 21.0579762, -1.26, 73.23
./20131016_ncmp_hi_molokai_4QGJ1730.laz, -156.9115552, -156.9019042, 21.0579770, 21.0627596, 3.48, 87.44
./20131016_ncmp_hi_molokai_4QGJ1729.laz, -156.9116805, -156.9019372, 21.0489476, 21.0580938, -2.29, 46.71
./20131016_ncmp_hi_molokai_4QGJ1630.laz, -156.9211747, -156.9114914, 21.0580956, 21.0652528, 0.11, 118.48
./20131016_ncmp_hi_molokai_4QGJ1629.laz, -156.9213007, -156.9115567, 21.0490657, 21.0582122, -3.78, 30.99
./20131016_ncmp_hi_molokai_4QGJ1531.laz, -156.9306691, -156.9282542, 21.0673310, 21.0681505, 59.98, 99.78
./20131016_ncmp_hi_molokai_4QGJ1530.laz, -156.9307944, -156.9210778, 21.0582134, 21.0673599, -0.20, 124.74
./20131016_ncmp_hi_molokai_4QGJ1443.laz, -156.9387912, -156.9290910, 21.1757182, 21.1834804, -52.98, -16.26
./20131016_ncmp_hi_molokai_4QGJ1431.laz, -156.9402888, -156.9306593, 21.0673606, 21.0706915, 23.01, 105.80
./20131016_ncmp_hi_molokai_4QGJ1430.laz, -156.9404132, -156.9306705, 21.0583310, 21.0674766, -0.92, 85.96
./20131016_ncmp_hi_molokai_4QGJ1345.laz, -156.9481676, -156.9434753, 21.1939547, 21.1983494, -54.82, -25.91
./20131016_ncmp_hi_molokai_4QGJ1344.laz, -156.9482915, -156.9400849, 21.1848895, 21.1940080, -54.30, 3.93
./20131016_ncmp_hi_molokai_4QGJ1343.laz, -156.9484051, -156.9387011, 21.1758359, 21.1849784, -51.86, 62.53
./20131016_ncmp_hi_molokai_4QGJ1331.laz, -156.9499094, -156.9402457, 21.0674787, 21.0730922, 3.80, 94.33
./20131016_ncmp_hi_molokai_4QGJ1330.laz, -156.9500330, -156.9402900, 21.0584486, 21.0675933, -4.88, 40.75
./20131016_ncmp_hi_molokai_4QGJ1246.laz, -156.9576723, -156.9519950, 21.2030954, 21.2103584, -56.80, 9.33
./20131016_ncmp_hi_molokai_4QGJ1245.laz, -156.9577964, -156.9481152, 21.1940109, 21.2031566, -54.89, 62.76
./20131016_ncmp_hi_molokai_4QGJ1244.laz, -156.9579207, -156.9481699, 21.1849821, 21.1941267, -31.75, 77.67
./20131016_ncmp_hi_molokai_4QGJ1243.laz, -156.9579769, -156.9482955, 21.1768590, 21.1850971, -7.95, 114.01
./20131016_ncmp_hi_molokai_4QGJ1231.laz, -156.9595295, -156.9498347, 21.0675944, 21.0754269, 1.07, 128.06
./20131016_ncmp_hi_molokai_4QGJ1230.laz, -156.9596526, -156.9499105, 21.0585647, 21.0677094, -25.42, 33.11
./20131016_ncmp_hi_molokai_4QGJ1147.laz, -156.9671778, -156.9592444, 21.2122093, 21.2188727, -60.02, 4.69
./20131016_ncmp_hi_molokai_4QGJ1146.laz, -156.9673009, -156.9575754, 21.2031576, 21.2123023, -57.22, 29.00
./20131016_ncmp_hi_molokai_4QGJ1145.laz, -156.9674251, -156.9576732, 21.1941280, 21.2032728, -5.93, 89.28
./20131016_ncmp_hi_molokai_4QGJ1144.laz, -156.9675487, -156.9577975, 21.1850990, 21.1942432, 0.74, 137.63
./20131016_ncmp_hi_molokai_4QGJ1143.laz, -156.9675845, -156.9579218, 21.1810181, 21.1852128, 59.52, 124.86
./20131016_ncmp_hi_molokai_4QGJ1132.laz, -156.9690267, -156.9655130, 21.0768133, 21.0780477, 97.28, 132.65
./20131016_ncmp_hi_molokai_4QGJ1131.laz, -156.9691500, -156.9594249, 21.0677103, 21.0768549, -0.23, 135.70
./20131016_ncmp_hi_molokai_4QGJ1048.laz, -156.9743578, -156.9709718, 21.2213844, 21.2218238, -47.90, -33.07
./20131016_ncmp_hi_molokai_4QGJ1047.laz, -156.9767946, -156.9670954, 21.2123041, 21.2214141, -58.59, 14.37
./20131016_ncmp_hi_molokai_4QGJ1046.laz, -156.9769301, -156.9671799, 21.2032737, 21.2124126, -0.90, 72.86
./20131016_ncmp_hi_molokai_4QGJ1045.laz, -156.9770529, -156.9673027, 21.1942435, 21.2033882, 3.35, 71.08
./20131016_ncmp_hi_molokai_4QGJ1044.laz, -156.9771762, -156.9674258, 21.1852140, 21.1943583, 14.79, 141.41
./20131016_ncmp_hi_molokai_4QGJ1032.laz, -156.9786479, -156.9690120, 21.0768568, 21.0806167, 40.56, 122.20
./20131016_ncmp_hi_molokai_4QGJ1031.laz, -156.9787699, -156.9690293, 21.0678253, 21.0769692, -0.73, 106.19
./20131016_ncmp_hi_molokai_4QGJ0947.laz, -156.9859718, -156.9767369, 21.2124207, 21.2187679, -55.99, 1.20
./20131016_ncmp_hi_molokai_4QGJ0946.laz, -156.9865596, -156.9768132, 21.2033895, 21.2125232, -49.41, 18.68
./20131016_ncmp_hi_molokai_4QGJ0945.laz, -156.9866804, -156.9769314, 21.1943594, 21.2035033, -15.08, 32.93
./20131016_ncmp_hi_molokai_4QGJ0932.laz, -156.9882684, -156.9785992, 21.0769716, 21.0832215, 1.74, 96.91
./20131016_ncmp_hi_molokai_4QGJ0931.laz, -156.9883904, -156.9786490, 21.0679404, 21.0770833, -1.84, 48.66
./20131016_ncmp_hi_molokai_4QGJ0846.laz, -156.9916530, -156.9864500, 21.2035052, 21.2121574, -55.10, -12.45
./20131016_ncmp_hi_molokai_4QGJ0845.laz, -156.9962607, -156.9865604, 21.1944760, 21.2035596, -57.77, -2.45
./20131016_ncmp_hi_molokai_4QGJ0832.laz, -156.9978899, -156.9881867, 21.0770867, 21.0858125, -0.10, 74.01
./20131016_ncmp_hi_molokai_4QGJ0745.laz, -156.9976555, -156.9963634, 21.1945954, 21.1951493, -57.56, -52.35
./20131016_ncmp_hi_molokai_4QGJ0733.laz, -157.0073903, -156.9992465, 21.0862459, 21.0885359, 9.18, 65.41
./20131016_ncmp_hi_molokai_4QGJ0732.laz, -157.0075104, -156.9977750, 21.0771994, 21.0863410, -0.37, 65.87
./20131016_ncmp_hi_molokai_4QGJ0633.laz, -157.0170123, -157.0073618, 21.0863417, 21.0909424, 1.20, 43.61
./20131016_ncmp_hi_molokai_4QGJ0632.laz, -157.0171297, -157.0073918, 21.0773117, 21.0864537, -0.73, 28.71
./20131016_ncmp_hi_molokai_4QGJ0533.laz, -157.0266344, -157.0169531, 21.0864557, 21.0955799, -0.32, 37.54
./20131016_ncmp_hi_molokai_4QGJ0532.laz, -157.0267528, -157.0170139, 21.0774253, 21.0865662, -1.82, 27.19
./20131016_ncmp_hi_molokai_4QGJ0434.laz, -157.0361372, -157.0266515, 21.0955985, 21.1007131, 1.38, 45.65
./20131016_ncmp_hi_molokai_4QGJ0433.laz, -157.0362557, -157.0265156, 21.0865670, 21.0957079, -0.44, 28.51
./20131016_ncmp_hi_molokai_4QGJ0334.laz, -157.0457592, -157.0360737, 21.0957086, 21.1038670, 0.17, 37.17
./20131016_ncmp_hi_molokai_4QGJ0333.laz, -157.0458778, -157.0361378, 21.0866786, 21.0958187, -1.17, 28.78
./20131016_ncmp_hi_molokai_4QGJ0234.laz, -157.0553806, -157.0456547, 21.0958203, 21.1049593, 0.07, 33.67
./20131016_ncmp_hi_molokai_4QGJ0233.laz, -157.0554986, -157.0457609, 21.0867895, 21.0959284, -1.22, 11.90
./20131016_ncmp_hi_molokai_4QGJ0134.laz, -157.0649769, -157.0552659, 21.0959326, 21.1050698, -0.07, 33.74
./20131016_ncmp_hi_molokai_4QGJ0133.laz, -157.0651205, -157.0553829, 21.0869007, 21.0959466, -1.30, 0.62
./20131013_ncmp_hi_molokai_4QGJ1043.laz, -156.9772692, -156.9675500, 21.1783176, 21.1853288, 36.31, 200.23
./20131013_ncmp_hi_molokai_4QGJ0944.laz, -156.9868044, -156.9770549, 21.1853297, 21.1944740, -17.83, 61.02
./20131013_ncmp_hi_molokai_4QGJ0943.laz, -156.9868999, -156.9771771, 21.1784198, 21.1854434, -3.69, 216.93
./20131013_ncmp_hi_molokai_4QGJ0844.laz, -156.9964298, -156.9866833, 21.1854445, 21.1945795, -52.98, -1.59
./20131013_ncmp_hi_molokai_4QGJ0843.laz, -156.9965544, -156.9868055, 21.1764483, 21.1855554, -22.51, 347.90
./20131013_ncmp_hi_molokai_4QGJ0744.laz, -157.0060581, -156.9963263, 21.1855609, 21.1946113, -56.90, -22.46
./20131013_ncmp_hi_molokai_4QGJ0743.laz, -157.0061704, -156.9964351, 21.1765300, 21.1856710, -30.51, 484.85
./20131013_ncmp_hi_molokai_4QGJ0644.laz, -157.0156880, -157.0059614, 21.1856741, 21.1933281, -57.67, -5.66
./20131013_ncmp_hi_molokai_4QGJ0643.laz, -157.0157775, -157.0060640, 21.1774996, 21.1857847, -29.64, 484.84
./20131013_ncmp_hi_molokai_4QGJ0544.laz, -157.0253142, -157.0156225, 21.1857868, 21.1926016, -56.86, 0.42
./20131013_ncmp_hi_molokai_4QGJ0543.laz, -157.0253816, -157.0156901, 21.1791601, 21.1858958, -11.65, 437.73
./20131013_ncmp_hi_molokai_4QGJ0444.laz, -157.0349451, -157.0252426, 21.1859013, 21.1945593, -58.81, 148.39
./20131013_ncmp_hi_molokai_4QGJ0443.laz, -157.0350126, -157.0253184, 21.1809345, 21.1860105, -0.22, 383.19
./20131013_ncmp_hi_molokai_4QGJ0345.laz, -157.0444526, -157.0402702, 21.1951162, 21.1976064, -52.97, -40.64
./20131013_ncmp_hi_molokai_4QGJ0344.laz, -157.0445728, -157.0348435, 21.1860111, 21.1951501, -58.60, 303.71
./20131013_ncmp_hi_molokai_4QGJ0343.laz, -157.0446602, -157.0349464, 21.1788970, 21.1861216, 145.41, 359.37
./20131013_ncmp_hi_molokai_4QGJ0245.laz, -157.0540807, -157.0444340, 21.1951546, 21.1987643, -56.73, -38.72
./20131013_ncmp_hi_molokai_4QGJ0244.laz, -157.0542020, -157.0444571, 21.1861226, 21.1952634, -43.28, 264.86
./20131013_ncmp_hi_molokai_4QGJ0243.laz, -157.0542609, -157.0445751, 21.1794478, 21.1862329, -5.40, 289.60
./20131013_ncmp_hi_molokai_4QGJ0145.laz, -157.0637106, -157.0540451, 21.1952659, 21.1987347, -57.52, -43.05
./20131013_ncmp_hi_molokai_4QGJ0144.laz, -157.0638298, -157.0540871, 21.1862344, 21.1953657, -47.05, 201.42
./20131013_ncmp_hi_molokai_4QGJ0143.laz, -157.0638729, -157.0542026, 21.1817329, 21.1863442, -5.82, 255.17
./20131013_ncmp_hi_molokai_4QGJ0045.laz, -157.0733411, -157.0636944, 21.1953820, 21.1985998, -57.85, -43.23
./20131013_ncmp_hi_molokai_4QGJ0044.laz, -157.0734588, -157.0637144, 21.1863449, 21.1954782, -46.42, 208.54
./20131013_ncmp_hi_molokai_4QFJ9945.laz, -157.0829704, -157.0733302, 21.1954859, 21.1990867, -53.35, -39.60
./20131013_ncmp_hi_molokai_4QFJ9944.laz, -157.0830840, -157.0733458, 21.1864544, 21.1955929, -46.08, 185.86
./20131013_ncmp_hi_molokai_4QFJ9845.laz, -157.0925995, -157.0829382, 21.1955992, 21.2003501, -56.67, -4.51
./20131013_ncmp_hi_molokai_4QFJ9844.laz, -157.0926893, -157.0829766, 21.1868690, 21.1957016, -40.53, 158.66
./20131013_ncmp_hi_molokai_4QFJ9745.laz, -157.1022289, -157.0925434, 21.1957042, 21.2022836, -55.88, 32.79
./20131013_ncmp_hi_molokai_4QFJ9744.laz, -157.1022961, -157.0926024, 21.1887649, 21.1958106, -11.43, 140.15
./20131013_ncmp_hi_molokai_4QFJ9645.laz, -157.1118583, -157.1021543, 21.1958140, 21.2042899, -54.27, 3.72
./20131013_ncmp_hi_molokai_4QFJ9644.laz, -157.1119651, -157.1022310, 21.1868542, 21.1959178, -12.68, 127.87
./20131013_ncmp_hi_molokai_4QFJ9545.laz, -157.1214883, -157.1117736, 21.1959204, 21.2050528, -55.27, 45.03
./20131013_ncmp_hi_molokai_4QFJ9446.laz, -157.1310029, -157.1213776, 21.2050643, 21.2105511, -54.42, -33.66
./20131013_ncmp_hi_molokai_4QFJ9445.laz, -157.1311179, -157.1213801, 21.1960269, 21.2051619, -52.22, 35.98
./20131013_ncmp_hi_molokai_4QFJ9347.laz, -157.1405177, -157.1368976, 21.2142761, 21.2157334, -53.34, -43.24
./20131013_ncmp_hi_molokai_4QFJ9346.laz, -157.1406333, -157.1309507, 21.2051671, 21.2142974, -56.63, -14.60
./20131013_ncmp_hi_molokai_4QFJ9345.laz, -157.1407473, -157.1310093, 21.1961337, 21.2052676, -34.15, 34.73
./20131013_ncmp_hi_molokai_4QFJ9247.laz, -157.1501503, -157.1405096, 21.2143038, 21.2190318, -54.06, -37.90
./20131013_ncmp_hi_molokai_4QFJ9246.laz, -157.1502639, -157.1405237, 21.2052753, 21.2144061, -44.05, -7.83
./20131013_ncmp_hi_molokai_4QFJ9245.laz, -157.1503770, -157.1406353, 21.1962404, 21.2053747, -22.54, 27.03
./20131013_ncmp_hi_molokai_4QFJ9147.laz, -157.1597816, -157.1501001, 21.2144079, 21.2210664, -45.90, -32.76
./20131013_ncmp_hi_molokai_4QFJ9146.laz, -157.1598947, -157.1501533, 21.2053770, 21.2145116, -39.73, -6.14
./20131013_ncmp_hi_molokai_4QFJ9145.laz, -157.1600063, -157.1502657, 21.1963468, 21.2054808, -11.39, 20.28
./20131013_ncmp_hi_molokai_4QFJ9047.laz, -157.1694127, -157.1597027, 21.2145134, 21.2230327, -47.88, -28.35
./20131013_ncmp_hi_molokai_4QFJ9046.laz, -157.1695242, -157.1597857, 21.2054817, 21.2146160, -34.49, -6.29
./20131013_ncmp_hi_molokai_4QFJ8948.laz, -157.1789319, -157.1731730, 21.2236918, 21.2246337, -46.42, -42.25
./20131013_ncmp_hi_molokai_4QFJ8947.laz, -157.1790450, -157.1693132, 21.2146180, 21.2237466, -46.59, -19.21
./20131013_ncmp_hi_molokai_4QFJ8946.laz, -157.1791553, -157.1694143, 21.2055866, 21.2147204, -30.38, -9.13
./20131013_ncmp_hi_molokai_4QFJ8848.laz, -157.1885634, -157.1789236, 21.2237557, 21.2265243, -44.84, -34.26
./20131013_ncmp_hi_molokai_4QFJ8847.laz, -157.1886753, -157.1789359, 21.2147216, 21.2238537, -43.08, -19.06
./20131013_ncmp_hi_molokai_4QFJ8846.laz, -157.1887856, -157.1790477, 21.2056914, 21.2148228, -26.73, -5.77
./20131013_ncmp_hi_molokai_4QFJ8748.laz, -157.1981969, -157.1885333, 21.2238557, 21.2285933, -44.15, -21.71
./20131013_ncmp_hi_molokai_4QFJ8747.laz, -157.1983066, -157.1885675, 21.2148256, 21.2239574, -35.04, -1.44
./20131013_ncmp_hi_molokai_4QFJ8746.laz, -157.1984166, -157.1886763, 21.2057945, 21.2149269, -25.31, 203.08
./20131013_ncmp_hi_molokai_4QFJ8648.laz, -157.2078286, -157.1981413, 21.2239607, 21.2302426, -42.34, -19.49
./20131013_ncmp_hi_molokai_4QFJ8647.laz, -157.2079380, -157.1981992, 21.2149286, 21.2240600, -26.09, 128.17
./20131013_ncmp_hi_molokai_4QFJ8548.laz, -157.2174597, -157.2077548, 21.2240619, 21.2315853, -50.41, -4.14
./20131013_ncmp_hi_molokai_4QFJ8547.laz, -157.2175691, -157.2078301, 21.2150311, 21.2241622, -24.40, 163.91
./20131013_ncmp_hi_molokai_4QFJ8448.laz, -157.2270912, -157.2173868, 21.2241659, 21.2319192, -55.11, -18.18
./20131013_ncmp_hi_molokai_4QFJ8447.laz, -157.2272006, -157.2174615, 21.2151331, 21.2242633, -31.74, 163.41
./20131013_ncmp_hi_molokai_4QFJ8348.laz, -157.2367245, -157.2270155, 21.2242647, 21.2316711, -56.49, -26.32
./20131013_ncmp_hi_molokai_4QFJ8347.laz, -157.2368318, -157.2270941, 21.2152336, 21.2243634, -34.28, 166.45
./20131013_ncmp_hi_molokai_4QFJ8248.laz, -157.2463554, -157.2366763, 21.2243664, 21.2307662, -54.27, -25.62
./20131013_ncmp_hi_molokai_4QFJ8049.laz, -157.2607737, -157.2583440, 21.2336416, 21.2342539, -53.85, -49.58
./20131010_ncmp_hi_molokai_4QFJ8332.laz, -157.2384352, -157.2287084, 21.0797678, 21.0888968, -17.63, 18.49
./20131010_ncmp_hi_molokai_4QFJ8331.laz, -157.2385263, -157.2288153, 21.0714187, 21.0798654, -33.31, -12.03
./20131010_ncmp_hi_molokai_4QFJ8242.laz, -157.2469227, -157.2457825, 21.1765157, 21.1793085, 5.83, 22.27
./20131010_ncmp_hi_molokai_4QFJ8232.laz, -157.2480573, -157.2383294, 21.0798666, 21.0889961, -15.45, 49.08
./20131010_ncmp_hi_molokai_4QFJ8231.laz, -157.2481439, -157.2384363, 21.0708539, 21.0799651, -34.09, -8.93
./20131010_ncmp_hi_molokai_4QFJ8230.laz, -157.2424729, -157.2401711, 21.0704768, 21.0708751, -35.61, -31.56
./20131010_ncmp_hi_molokai_4QFJ8140.laz, -157.2567346, -157.2563712, 21.1610109, 21.1613449, 32.06, 39.51
./20131010_ncmp_hi_molokai_4QFJ8132.laz, -157.2576799, -157.2479532, 21.0799666, 21.0890958, -17.88, 56.40
./20131010_ncmp_hi_molokai_4QFJ8131.laz, -157.2577503, -157.2480586, 21.0726491, 21.0800640, -28.18, -9.90
./20131010_ncmp_hi_molokai_4QFJ8033.laz, -157.2671981, -157.2575103, 21.0890964, 21.0952644, -2.62, 78.22
./20131010_ncmp_hi_molokai_4QFJ8032.laz, -157.2673032, -157.2575761, 21.0800651, 21.0891940, -21.47, 19.46
./20131010_ncmp_hi_molokai_4QFJ8031.laz, -157.2673502, -157.2576833, 21.0740274, 21.0801625, -29.46, -15.77
./20131010_ncmp_hi_molokai_4QFJ7933.laz, -157.2768219, -157.2671291, 21.0891950, 21.0970646, -4.78, 77.75
./20131010_ncmp_hi_molokai_4QFJ7932.laz, -157.2769255, -157.2671994, 21.0801644, 21.0892919, -26.58, -0.38
./20131010_ncmp_hi_molokai_4QFJ7931.laz, -157.2769501, -157.2673047, 21.0760907, 21.0802593, -30.28, -19.95
./20131010_ncmp_hi_molokai_4QFJ7833.laz, -157.2864463, -157.2767332, 21.0892928, 21.0984207, -8.79, 71.18
./20131010_ncmp_hi_molokai_4QFJ7832.laz, -157.2865479, -157.2768231, 21.0802644, 21.0893893, -29.38, -0.34
./20131010_ncmp_hi_molokai_4QFJ7831.laz, -157.2865537, -157.2769296, 21.0782196, 21.0803568, -30.31, -25.89
./20131010_ncmp_hi_molokai_4QFJ7733.laz, -157.2960695, -157.2863434, 21.0893907, 21.0985179, -11.09, 63.73
./20131010_ncmp_hi_molokai_4QFJ7732.laz, -157.2961542, -157.2864470, 21.0803592, 21.0894864, -30.80, -7.19
./20131010_ncmp_hi_molokai_4QFJ7731.laz, -157.2878496, -157.2865518, 21.0799972, 21.0803687, -29.97, -28.80
./20131010_ncmp_hi_molokai_4QFJ7632.laz, -157.3057518, -157.2960706, 21.0820973, 21.0895798, -31.99, -10.14
./20131009_ncmp_hi_molokai_4QFJ8247.laz, -157.2464631, -157.2367249, 21.2153345, 21.2244638, -33.01, 116.68
./20131009_ncmp_hi_molokai_4QFJ8246.laz, -157.2465698, -157.2368322, 21.2063554, 21.2154344, 15.48, 100.49
./20131009_ncmp_hi_molokai_4QFJ8245.laz, -157.2466765, -157.2398531, 21.1973245, 21.2064029, 1.23, 57.90
./20131009_ncmp_hi_molokai_4QFJ8244.laz, -157.2467827, -157.2414691, 21.1882899, 21.1973715, 2.72, 52.27
./20131009_ncmp_hi_molokai_4QFJ8243.laz, -157.2468895, -157.2418548, 21.1792983, 21.1883398, 3.71, 56.35
./20131009_ncmp_hi_molokai_4QFJ8148.laz, -157.2559885, -157.2462911, 21.2244670, 21.2331710, -53.91, -1.39
./20131009_ncmp_hi_molokai_4QFJ8147.laz, -157.2560947, -157.2463574, 21.2154348, 21.2245654, -27.47, 79.11
./20131009_ncmp_hi_molokai_4QFJ8146.laz, -157.2562007, -157.2464637, 21.2064037, 21.2155339, -15.47, 92.12
./20131009_ncmp_hi_molokai_4QFJ8145.laz, -157.2563062, -157.2465713, 21.1973729, 21.2065026, -21.45, 49.68
./20131009_ncmp_hi_molokai_4QFJ8144.laz, -157.2564128, -157.2466774, 21.1883413, 21.1974709, -18.93, 48.72
./20131009_ncmp_hi_molokai_4QFJ8143.laz, -157.2565189, -157.2467840, 21.1793102, 21.1884403, -15.15, 37.35
./20131009_ncmp_hi_molokai_4QFJ8142.laz, -157.2566250, -157.2468904, 21.1703306, 21.1794085, -12.99, 25.83
./20131009_ncmp_hi_molokai_4QFJ8141.laz, -157.2567291, -157.2519810, 21.1613436, 21.1703778, 3.26, 41.91
./20131009_ncmp_hi_molokai_4QFJ8048.laz, -157.2652523, -157.2558937, 21.2245657, 21.2336464, -53.78, -3.50
./20131009_ncmp_hi_molokai_4QFJ8047.laz, -157.2657234, -157.2559889, 21.2155346, 21.2246391, -48.74, 37.56
./20131009_ncmp_hi_molokai_4QFJ8046.laz, -157.2658298, -157.2560952, 21.2065035, 21.2156295, -41.87, 27.50
./20131009_ncmp_hi_molokai_4QFJ8045.laz, -157.2659344, -157.2562016, 21.1974732, 21.2065995, -34.80, -14.64
./20131009_ncmp_hi_molokai_4QFJ8044.laz, -157.2660422, -157.2563078, 21.1884410, 21.1975680, -32.28, -10.94
./20131009_ncmp_hi_molokai_4QFJ8043.laz, -157.2661470, -157.2564133, 21.1794100, 21.1885385, -28.01, -8.37
./20131009_ncmp_hi_molokai_4QFJ8042.laz, -157.2662531, -157.2565196, 21.1703782, 21.1795066, -20.59, 19.39
./20131009_ncmp_hi_molokai_4QFJ8041.laz, -157.2663585, -157.2566258, 21.1613476, 21.1704759, -11.11, 39.69
./20131009_ncmp_hi_molokai_4QFJ8040.laz, -157.2664115, -157.2567313, 21.1540862, 21.1614451, 10.13, 61.72
./20131009_ncmp_hi_molokai_4QFJ7947.laz, -157.2682053, -157.2656688, 21.2156399, 21.2233865, -48.50, -37.68
./20131009_ncmp_hi_molokai_4QFJ7946.laz, -157.2720454, -157.2657343, 21.2066055, 21.2156462, -50.21, -32.17
./20131009_ncmp_hi_molokai_4QFJ7945.laz, -157.2755394, -157.2658351, 21.1975732, 21.2066451, -50.23, -30.24
./20131009_ncmp_hi_molokai_4QFJ7944.laz, -157.2756707, -157.2659398, 21.1885401, 21.1976645, -41.43, -27.25
./20131009_ncmp_hi_molokai_4QFJ7943.laz, -157.2757768, -157.2660436, 21.1795100, 21.1886367, -36.16, -19.35
./20131009_ncmp_hi_molokai_4QFJ7942.laz, -157.2758809, -157.2661488, 21.1704771, 21.1796062, -32.99, -9.50
./20131009_ncmp_hi_molokai_4QFJ7941.laz, -157.2759870, -157.2662558, 21.1614460, 21.1705749, -20.81, 24.51
./20131009_ncmp_hi_molokai_4QFJ7940.laz, -157.2760910, -157.2663598, 21.1524289, 21.1615438, -11.06, 67.98
./20131009_ncmp_hi_molokai_4QFJ7939.laz, -157.2761286, -157.2678497, 21.1493251, 21.1525114, 18.72, 60.27
./20131009_ncmp_hi_molokai_4QFJ7845.laz, -157.2758611, -157.2755693, 21.1977045, 21.1993191, -45.69, -41.96
./20131009_ncmp_hi_molokai_4QFJ7844.laz, -157.2814173, -157.2755778, 21.1886415, 21.1975863, -47.90, -34.64
./20131009_ncmp_hi_molokai_4QFJ7843.laz, -157.2853967, -157.2756743, 21.1796082, 21.1886865, -45.19, -30.64
./20131009_ncmp_hi_molokai_4QFJ7842.laz, -157.2855111, -157.2757804, 21.1705768, 21.1797036, -40.37, -19.14
./20131009_ncmp_hi_molokai_4QFJ7841.laz, -157.2856144, -157.2758835, 21.1615452, 21.1706729, -33.16, -9.35
./20131009_ncmp_hi_molokai_4QFJ7840.laz, -157.2857193, -157.2759893, 21.1525131, 21.1616403, -21.00, 30.64
./20131009_ncmp_hi_molokai_4QFJ7839.laz, -157.2858233, -157.2760930, 21.1435090, 21.1526093, -9.92, 46.06
./20131009_ncmp_hi_molokai_4QFJ7838.laz, -157.2859061, -157.2789090, 21.1364005, 21.1435784, 4.51, 42.49
./20131009_ncmp_hi_molokai_4QFJ7743.laz, -157.2867724, -157.2854019, 21.1797069, 21.1816034, -45.10, -39.65
./20131009_ncmp_hi_molokai_4QFJ7742.laz, -157.2917349, -157.2854133, 21.1706744, 21.1797114, -43.81, -31.46
./20131009_ncmp_hi_molokai_4QFJ7741.laz, -157.2952429, -157.2855125, 21.1616430, 21.1707345, -38.48, -20.56
./20131009_ncmp_hi_molokai_4QFJ7740.laz, -157.2953468, -157.2856169, 21.1526107, 21.1617361, -33.19, -9.26
./20131009_ncmp_hi_molokai_4QFJ7739.laz, -157.2954491, -157.2857204, 21.1435797, 21.1527065, -25.97, 27.31
./20131009_ncmp_hi_molokai_4QFJ7738.laz, -157.2955534, -157.2858240, 21.1345560, 21.1436758, -17.32, 27.85
./20131009_ncmp_hi_molokai_4QFJ7737.laz, -157.2956569, -157.2867418, 21.1255649, 21.1346441, -6.55, 38.60
./20131009_ncmp_hi_molokai_4QFJ7736.laz, -157.2957602, -157.2908500, 21.1165734, 21.1256128, 9.80, 43.66
./20131009_ncmp_hi_molokai_4QFJ7735.laz, -157.2957863, -157.2949164, 21.1143065, 21.1165811, 6.86, 20.78
./20131009_ncmp_hi_molokai_4QFJ7641.laz, -157.2958503, -157.2952252, 21.1617411, 21.1634338, -35.37, -32.14
./20131009_ncmp_hi_molokai_4QFJ7640.laz, -157.2999838, -157.2952474, 21.1527083, 21.1617442, -34.52, -25.62
./20131009_ncmp_hi_molokai_4QFJ7639.laz, -157.3039700, -157.2953488, 21.1436770, 21.1527532, -32.42, -15.08
./20131009_ncmp_hi_molokai_4QFJ7638.laz, -157.3051787, -157.2954522, 21.1346452, 21.1437605, -29.44, -1.39
./20131009_ncmp_hi_molokai_4QFJ7637.laz, -157.3052821, -157.2955544, 21.1256134, 21.1347394, -22.68, 24.13
./20131009_ncmp_hi_molokai_4QFJ7636.laz, -157.3053847, -157.2956576, 21.1165818, 21.1257085, -17.11, 28.14
./20131009_ncmp_hi_molokai_4QFJ7635.laz, -157.3054884, -157.2957608, 21.1075804, 21.1166772, -12.18, 39.22
./20131009_ncmp_hi_molokai_4QFJ7634.laz, -157.3055906, -157.2959367, 21.0985191, 21.1076461, 10.16, 64.50
./20131009_ncmp_hi_molokai_4QFJ7633.laz, -157.3056921, -157.2959672, 21.0894872, 21.0986146, -25.43, 52.69
./20131009_ncmp_hi_molokai_4QFJ7538.laz, -157.3082685, -157.3051016, 21.1347428, 21.1417732, -30.36, -22.13
./20131009_ncmp_hi_molokai_4QFJ7537.laz, -157.3121690, -157.3051820, 21.1257111, 21.1347707, -29.00, -16.43
./20131009_ncmp_hi_molokai_4QFJ7536.laz, -157.3150084, -157.3052838, 21.1166785, 21.1257773, -27.05, -11.03
./20131009_ncmp_hi_molokai_4QFJ7535.laz, -157.3151096, -157.3053872, 21.1076466, 21.1167736, -23.60, 14.85
./20131009_ncmp_hi_molokai_4QFJ7534.laz, -157.3152153, -157.3054890, 21.0986153, 21.1077382, -17.17, 35.97
./20131009_ncmp_hi_molokai_4QFJ7533.laz, -157.3153169, -157.3055913, 21.0895882, 21.0987103, -32.09, 22.11
./20131009_ncmp_hi_molokai_4QFJ7532.laz, -157.3153531, -157.3056946, 21.0844179, 21.0896783, -34.82, -25.02
./20131009_ncmp_hi_molokai_4QFJ7436.laz, -157.3163792, -157.3149789, 21.1167756, 21.1197858, -26.47, -22.53
./20131009_ncmp_hi_molokai_4QFJ7435.laz, -157.3201876, -157.3150140, 21.1077450, 21.1167866, -24.81, -15.95
./20131009_ncmp_hi_molokai_4QFJ7434.laz, -157.3246828, -157.3151153, 21.0987112, 21.1077915, -31.99, -8.57
./20131009_ncmp_hi_molokai_4QFJ7433.laz, -157.3249370, -157.3152170, 21.0896791, 21.0988041, -34.80, -9.92
./20131009_ncmp_hi_molokai_4QFJ7432.laz, -157.3249581, -157.3153189, 21.0820910, 21.0897703, -41.02, -29.12
./20131009_ncmp_hi_molokai_4QFJ7333.laz, -157.3279988, -157.3248434, 21.0897752, 21.0986843, -35.97, -25.45
./20131009_ncmp_hi_molokai_4QFJ7332.laz, -157.3260848, -157.3249423, 21.0879522, 21.0897823, -38.09, -33.65
