,Height,Latitude,Longitude,Conf_land,Conf_ocean,Conf_inlandwater,sea_surface,raw_elev,x,y,labels
934,-2.3270633168658605,-18.63143926760247,-178.52724030010054,4.0,1.0,-1.0,52.353452993451356,49.250701904296875,-19873561.48293558,-2111591.5468456857,0
937,-1.8000433230681665,-18.631452027156566,-178.52724158887958,4.0,1.0,-1.0,52.35346886638581,49.95341110229492,-19873561.626401804,-2111593.045787475,0
941,-1.8584957056600615,-18.631502991392,-178.52724692367732,4.0,1.0,-1.0,52.35353214652787,49.87553787231445,-19873562.220268775,-2111599.0328647583,0
947,-2.2124137919340683,-18.63153482776038,-178.52725027818923,4.0,1.0,-1.0,52.35357157934959,49.4036865234375,-19873562.59369133,-2111602.7728766096,0
951,-2.721404621117017,-18.631553918402055,-178.52725231390875,4.0,1.0,-1.0,52.35359518940277,48.72505569458008,-19873562.82030659,-2111605.0155707477,0
955,-1.6259339824605377,-18.631579429767736,-178.5272548712242,4.0,1.0,-1.0,52.35362669829374,50.18571472167969,-19873563.104985647,-2111608.0125469007,0
961,-1.6587216437769712,-18.631592163886584,-178.5272561986169,4.0,1.0,-1.0,52.35364240817398,50.14201354980469,-19873563.252750326,-2111609.5085018896,0
963,-1.758105161327876,-18.63159852831058,-178.52725686917972,4.0,1.0,-1.0,52.35365025538704,50.0095100402832,-19873563.327397037,-2111610.2561698267,0
1046,-2.285986396230328,-18.63218391498813,-178.52731679009614,4.0,1.0,-1.0,52.35435927252911,49.30637741088867,-19873569.99776294,-2111679.0252543245,1
1049,-1.4140667904016482,-18.6321839442734,-178.52731671457514,4.0,1.0,-1.0,52.35435930736821,50.468936920166016,-19873569.98935598,-2111679.0286946553,1
1059,-2.033961304197419,-18.632228373660475,-178.52732112413474,4.0,1.0,-1.0,52.35441208967859,49.64246368408203,-19873570.48022591,-2111684.248106121,1
1061,-1.894557740199616,-18.632247429421128,-178.52732297642154,4.0,1.0,-1.0,52.354434683466025,49.8283576965332,-19873570.686421536,-2111686.486711711,1
1063,-2.0780293348184387,-18.63225377344648,-178.5273236134444,4.0,1.0,-1.0,52.35444219943565,49.583736419677734,-19873570.757334597,-2111687.231986167,1
1065,-1.1170631726781721,-18.63226015731289,-178.52732415133912,4.0,1.0,-1.0,52.35444975961582,50.86503219604492,-19873570.817212764,-2111687.981941044,1
1067,-1.3778767080102625,-18.632272849350354,-178.52732541553,4.0,1.0,-1.0,52.35446478141603,50.517295837402344,-19873570.957941845,-2111689.472958446,1
1073,-1.3873321169544397,-18.632291900255197,-178.5273272777867,4.0,1.0,-1.0,52.3544873070623,50.50471115112305,-19873571.165247314,-2111691.7109941784,1
1081,-1.4367637102200206,-18.632361761749266,-178.52733410018814,4.0,1.0,-1.0,52.35456968206745,50.43888473510742,-19873571.924713567,-2111699.9180878615,1
1083,-1.4354557370252223,-18.632387169778145,-178.52733657743227,4.0,1.0,-1.0,52.354599552036234,50.44065856933594,-19873572.200479124,-2111702.902938595,2
1092,-1.5641285842671095,-18.632463406564167,-178.52734401914444,4.0,1.0,-1.0,52.35468889157164,50.26918411254883,-19873573.02888673,-2111711.8589853547,2
1094,-1.4967255951551124,-18.63246976346629,-178.52734463259753,4.0,1.0,-1.0,52.3546963216977,50.35906219482422,-19873573.09717602,-2111712.60577348,2
1095,-1.331386774817929,-18.63248247897806,-178.52734585698403,4.0,1.0,-1.0,52.354711175017655,50.57952880859375,-19873573.2334741,-2111714.0995504074,2
1096,-1.2130377031035096,-18.63248248309275,-178.52734584674778,4.0,1.0,-1.0,52.35471117982161,50.737327575683594,-19873573.232334606,-2111714.1000337885,2
1097,-1.296782385865754,-18.632495190660485,-178.52734709284042,4.0,1.0,-1.0,52.354726011964885,50.62568283081055,-19873573.371049006,-2111715.592877589,2
1131,-1.562794618179396,-18.632762325292237,-178.52737324042744,4.0,1.0,-1.0,52.35503505649831,50.27130889892578,-19873576.28178508,-2111746.975012678,3
1132,-0.924033825751394,-18.632768715537388,-178.52737381134133,4.0,4.0,-1.0,52.355042384937406,51.12299728393555,-19873576.345338922,-2111747.725719154,3
1133,-0.7511640994216577,-18.632794192335993,-178.52737630310926,4.0,4.0,-1.0,52.355071572259476,51.353519439697266,-19873576.62272126,-2111750.718655893,3
1134,-1.3885997381134985,-18.63280053896575,-178.52737698559957,4.0,1.0,-1.0,52.35507883579521,50.50361251831055,-19873576.69869573,-2111751.4642387046,3
1139,-1.2840655048798908,-18.63282602128306,-178.527379488758,4.0,1.0,-1.0,52.35510796972267,50.64302062988281,-19873576.97734605,-2111754.457824329,3
1141,-0.9834432615739388,-18.63283240134529,-178.52738009142203,4.0,4.0,-1.0,52.355115256561476,51.04385757446289,-19873577.044434305,-2111755.2073348262,3
1142,-1.2551085604882246,-18.63283876383721,-178.52738074407026,4.0,1.0,-1.0,52.35512252034823,50.681644439697266,-19873577.117086776,-2111755.9547812445,3
1144,-1.1259440097069273,-18.632857883260154,-178.52738262182163,4.0,1.0,-1.0,52.355144330244,50.853885650634766,-19873577.326117102,-2111758.200873729,3
1146,-1.4594328656689868,-18.632870615837323,-178.52738391136978,4.0,1.0,-1.0,52.35515883960943,50.40924835205078,-19873577.469668943,-2111759.6966588628,3
1147,-1.4978555612869968,-18.632889734975823,-178.5273858082433,4.0,1.0,-1.0,52.355180604339694,50.35803985595703,-19873577.68082794,-2111761.9427183517,3
1149,-1.5458372059779322,-18.63290248312232,-178.5273870764611,4.0,1.0,-1.0,52.35519510154154,50.2940788269043,-19873577.822005298,-2111763.440332805,3
1151,-1.1660415636970356,-18.63291524576521,-178.5273883088123,4.0,1.0,-1.0,52.35520960323993,50.80048751831055,-19873577.959190007,-2111764.9396503614,3
1152,-1.119999122738136,-18.6329152473662,-178.52738830483037,4.0,1.0,-1.0,52.3552096050571,50.86187744140625,-19873577.958746742,-2111764.93983844,3
1158,-1.3021374127001764,-18.632979013391274,-178.5273946674089,4.0,1.0,-1.0,52.35528188026365,50.61909866333008,-19873578.66702574,-2111772.430884244,3
1160,-1.5678085115314389,-18.632991764881695,-178.5273959642036,4.0,1.0,-1.0,52.355296297439054,50.26488494873047,-19873578.811384268,-2111773.9288923154,3
1161,-1.1583487685884393,-18.633023684715265,-178.52739911957568,4.0,1.0,-1.0,52.3553323343549,50.81086730957031,-19873579.162638683,-2111777.678742182,3
1162,-1.2952687398433227,-18.63302367995434,-178.5273991314167,4.0,1.0,-1.0,52.35533232898706,50.6283073425293,-19873579.163956817,-2111777.6781828827,3
1166,-0.9647299316679891,-18.63306199262419,-178.5274029446096,4.0,4.0,-1.0,52.355375484248725,51.069068908691406,-19873579.58843951,-2111782.179045623,3
1167,-1.1128758829036087,-18.633074757812196,-178.52740424118733,4.0,1.0,-1.0,52.355389838907286,50.87155532836914,-19873579.73277388,-2111783.67866358,3
1169,-1.1453395696244115,-18.633081142471532,-178.52740488648277,4.0,1.0,-1.0,52.35539701405651,50.828277587890625,-19873579.804607842,-2111784.4287152295,3
1172,-1.157582669117346,-18.633119465468937,-178.52740875107853,4.0,1.0,-1.0,52.355440018784066,50.81199645996094,-19873580.234812673,-2111788.9307927447,3
1173,-1.2398710557199593,-18.633125851298352,-178.52740940357128,4.0,1.0,-1.0,52.355447174228175,50.70228576660156,-19873580.307447836,-2111789.68098205,3
1175,-1.031647959948259,-18.633138636217463,-178.52741067748295,4.0,1.0,-1.0,52.35546149094989,50.97993087768555,-19873580.449259035,-2111791.1829185267,3
1176,-1.2488639508651431,-18.633164189025578,-178.52741328520563,4.0,1.0,-1.0,52.35549006925248,50.690338134765625,-19873580.73954939,-2111794.1847911677,3
1177,-1.372717264336643,-18.6331705763288,-178.52741394427127,4.0,1.0,-1.0,52.35549720531344,50.52520751953125,-19873580.812916245,-2111794.9351538103,3
1178,-1.233420783544716,-18.633202545549114,-178.52741718051635,4.0,1.0,-1.0,52.35553287700168,50.71097183227539,-19873581.1731734,-2111798.690809441,3
1180,-1.0878311553674394,-18.633215339257077,-178.52741847030137,4.0,1.0,-1.0,52.35554713131023,50.90510559082031,-19873581.31675161,-2111800.1937790834,3
1182,-1.4409611040309755,-18.63322172192611,-178.52741915268945,4.0,1.0,-1.0,52.35555423815458,50.43427276611328,-19873581.392714705,-2111800.943597539,3
1187,-1.4173070902375002,-18.633253702773725,-178.5274224164497,4.0,1.0,-1.0,52.35558980236419,50.46584701538086,-19873581.756034832,-2111804.700620245,3
1188,-1.5211332169228626,-18.633260096603944,-178.52742307994765,4.0,1.0,-1.0,52.355596903569676,50.32741928100586,-19873581.829895087,-2111805.4517500554,3
1190,-1.3575019441086624,-18.6332728984152,-178.52742437618016,4.0,1.0,-1.0,52.355611112652696,50.54560852050781,-19873581.974191032,-2111806.95567216,3
1191,-0.8988534297127444,-18.63328571213459,-178.52742564869888,4.0,4.0,-1.0,52.355625322868946,51.15715408325195,-19873582.115847167,-2111808.460993316,3
1192,-1.203446507150602,-18.633285701543553,-178.52742567504,4.0,1.0,-1.0,52.35562531112919,50.75102996826172,-19873582.11877945,-2111808.4597491096,3
1193,-1.253227091089684,-18.633304899552126,-178.52742765100274,4.0,1.0,-1.0,52.35564657880968,50.68467712402344,-19873582.338742614,-2111810.7150795325,3
1194,-1.3402532761565453,-18.633311297258043,-178.52742831665256,4.0,1.0,-1.0,52.355653660200915,50.56864929199219,-19873582.41284241,-2111811.4666648754,3
1195,-1.1924610075202509,-18.6333177035367,-178.5274289624486,4.0,1.0,-1.0,52.35566074806411,50.76571273803711,-19873582.4847321,-2111812.21925735,3
1197,-1.2575222857312838,-18.63333690713184,-178.5274309465289,4.0,1.0,-1.0,52.35568197667817,50.678985595703125,-19873582.705598906,-2111814.4752444914,3
1203,-1.0843351137968966,-18.63343284867724,-178.52744071166126,4.0,1.0,-1.0,52.355787628535836,50.91000747680664,-19873583.79264847,-2111825.7462051907,4
1208,-1.1378721288897395,-18.633452124560193,-178.52744278081428,4.0,1.0,-1.0,52.35580877357825,50.838645935058594,-19873584.02298553,-2111828.010686045,4
1211,-1.2298317728004804,-18.633484260515413,-178.52744623829358,4.0,1.0,-1.0,52.35584396488957,50.716068267822266,-19873584.407870363,-2111831.7859354895,4
1214,-1.2073918696432884,-18.63349711794807,-178.52744761883596,4.0,1.0,-1.0,52.355858023456676,50.746002197265625,-19873584.561551638,-2111833.2963938387,4
1215,-1.2205153815375525,-18.633497117491792,-178.52744761997087,4.0,1.0,-1.0,52.35585802295827,50.7285041809082,-19873584.561677977,-2111833.2963402383,4
1216,-1.1535288879172185,-18.633516408598027,-178.52744969094724,4.0,1.0,-1.0,52.35587909339483,50.817840576171875,-19873584.79221801,-2111835.562610343,4
1217,-1.143563486126368,-18.63352283914452,-178.5274503830919,4.0,1.0,-1.0,52.355886110977735,50.83113479614258,-19873584.869267203,-2111836.318054648,4
1218,-1.3461296272143954,-18.633522832101598,-178.52745040060984,4.0,1.0,-1.0,52.355886103294324,50.5610466003418,-19873584.87121729,-2111836.3172272635,4
1219,-1.3125603214944022,-18.633535694546758,-178.52745178481325,4.0,1.0,-1.0,52.35590013080764,50.60581970214844,-19873585.02530611,-2111837.828274813,4
1222,-1.2365811125100663,-18.633600018769474,-178.5274587341615,4.0,1.0,-1.0,52.35597009866251,50.70719528198242,-19873585.79890402,-2111845.384923644,4
1223,-1.3052027460043973,-18.633600016383664,-178.52745874009614,4.0,1.0,-1.0,52.35597009607227,50.615699768066406,-19873585.79956466,-2111845.384643366,4
1225,-1.280504438081607,-18.633625750969056,-178.52746152891106,4.0,1.0,-1.0,52.35599800321688,50.648658752441406,-19873586.110014115,-2111848.407878904,4
1226,-1.3199116725400017,-18.633632184031807,-178.52746223082153,4.0,1.0,-1.0,52.356004971752554,50.59612274169922,-19873586.188150432,-2111849.1636193004,4
1230,-1.3797489703861174,-18.633645051402752,-178.5274636338171,4.0,1.0,-1.0,52.35601890102589,50.516353607177734,-19873586.344331186,-2111850.6752464916,4
1233,-1.2529159616078687,-18.63365792600508,-178.52746502172027,4.0,1.0,-1.0,52.35603282592638,50.68547821044922,-19873586.49883186,-2111852.1877233237,4
1234,-1.1172662843405305,-18.633657930721096,-178.52746500998882,4.0,1.0,-1.0,52.356032831025004,50.8663444519043,-19873586.49752592,-2111852.1882773493,4
1236,-1.3204832165979496,-18.633677230233925,-178.52746712774305,4.0,1.0,-1.0,52.35605368210781,50.59540939331055,-19873586.73327324,-2111854.4555371865,4
1237,-1.341594191889726,-18.633683664387053,-178.5274678300008,4.0,1.0,-1.0,52.356060627435,50.56726837158203,-19873586.811448216,-2111855.2114059064,4
1238,-0.9904832295442247,-18.63369011258967,-178.52746850040114,4.0,1.0,-1.0,52.35606758486756,51.035423278808594,-19873586.88607684,-2111855.9689251557,4
1239,-1.2244399975934357,-18.6336965405969,-178.52746922162268,4.0,1.0,-1.0,52.35607451746182,50.723487854003906,-19873586.966362856,-2111856.7240719283,4
1241,-1.3843958873735573,-18.633709408686354,-178.5274706381841,4.0,1.0,-1.0,52.356088386533884,50.51022720336914,-19873587.124053754,-2111858.2357841013,4
1249,-1.1727154663626607,-18.633767347853183,-178.52747694112009,4.0,1.0,-1.0,52.356150681631334,50.79253005981445,-19873587.825693376,-2111865.042339365,4
1255,-0.8516957141623607,-18.633818858948292,-178.52748254286257,4.0,4.0,-1.0,52.35620585781544,51.220611572265625,-19873588.4492765,-2111871.0937420256,4
1260,-1.3420086930764228,-18.6338574669603,-178.5274868119882,4.0,1.0,-1.0,52.35624708474643,50.56690216064453,-19873588.92451339,-2111875.629321948,4
1261,-1.2144156561585078,-18.633857471395615,-178.5274868009531,4.0,1.0,-1.0,52.35624708947762,50.73702621459961,-19873588.92328497,-2111875.6298429966,4
1266,-1.2953465417408552,-18.633876782045256,-178.52748892249903,4.0,1.0,-1.0,52.35626766885434,50.6291389465332,-19873589.15945438,-2111877.898413824,4
1270,-0.810958726598983,-18.633902549793195,-178.52749170077752,4.0,4.0,-1.0,52.356295086799946,51.27501678466797,-19873589.468730927,-2111880.9255501484,4
1272,-1.5571505703933326,-18.633934711447328,-178.527495291269,4.0,1.0,-1.0,52.35632923952835,50.280128479003906,-19873589.86842261,-2111884.7038286496,4
1274,-1.375526514512785,-18.63394115506164,-178.52749598079455,4.0,1.0,-1.0,52.35633607289856,50.522300720214844,-19873589.945180245,-2111885.460809995,4
1277,-0.9991943282097964,-18.63396047857835,-178.52749806382727,4.0,1.0,-1.0,52.35635654690668,51.02409744262695,-19873590.177062385,-2111887.730893532,4
1279,-1.3046336573352164,-18.63396690490544,-178.5274987954493,4.0,1.0,-1.0,52.35636334975425,50.616851806640625,-19873590.25850618,-2111888.4858441246,4
1280,-1.3365929137480634,-18.63397977736727,-178.52750020855603,4.0,1.0,-1.0,52.35637696727281,50.57425308227539,-19873590.4158125,-2111889.998072361,4
1285,-1.3888228608670943,-18.634018393361316,-178.5275044431664,4.0,1.0,-1.0,52.35641774515352,50.50465393066406,-19873590.88720717,-2111894.5345942895,4
1287,-1.2610298647609852,-18.634044137281485,-178.5275072506517,4.0,1.0,-1.0,52.35644486932324,50.675071716308594,-19873591.199735004,-2111897.5589339025,4
1288,-1.1412067233013659,-18.63405057663033,-178.5275079448019,4.0,1.0,-1.0,52.35645164628659,50.834842681884766,-19873591.27700745,-2111898.315414636,4
1290,-1.2412175574104367,-18.634069877653403,-178.52751006642876,4.0,1.0,-1.0,52.35647194096782,50.701515197753906,-19873591.513185874,-2111900.5828571296,4
1292,-1.908607710985052,-18.634076289947377,-178.52751082837383,4.0,1.0,-1.0,52.3564786773095,49.811668395996094,-19873591.59800521,-2111901.336159632,4
1293,-1.3342109377176712,-18.6340827431582,-178.52751148260234,4.0,1.0,-1.0,52.35648545357799,50.577537536621094,-19873591.670833595,-2111902.0942689846,4
1295,-1.4286592423027287,-18.634108474998147,-178.52751430560008,4.0,1.0,-1.0,52.35651244310611,50.45163345336914,-19873591.985088266,-2111905.117190585,4
1296,-1.0509527249118946,-18.634108488125374,-178.52751427293222,4.0,1.0,-1.0,52.35651245686495,50.95524215698242,-19873591.981451694,-2111905.118732742,4
1301,-1.311447679322555,-18.634147075048865,-178.52751851351732,4.0,1.0,-1.0,52.356552838380594,50.60795593261719,-19873592.45351147,-2111909.6518429588,4
1305,-1.5901114258863345,-18.634172791223985,-178.52752134640662,4.0,1.0,-1.0,52.35657968967462,50.23643112182617,-19873592.76886726,-2111912.672925431,4
1307,-1.275432549737161,-18.634179231933512,-178.52752202083576,4.0,1.0,-1.0,52.35658640705515,50.656009674072266,-19873592.84394437,-2111913.4295665883,4
1309,-1.4394628797676887,-18.63418565676203,-178.5275227365817,4.0,1.0,-1.0,52.35659310482697,50.43730926513672,-19873592.923620842,-2111914.184342106,4
1310,-1.2736938185780673,-18.63419852275602,-178.5275241247755,4.0,1.0,-1.0,52.35660650826685,50.658348083496094,-19873593.078153875,-2111915.695812459,4
1311,-1.4582734573587004,-18.634217804561093,-178.527526243004,4.0,1.0,-1.0,52.356626572702226,50.412261962890625,-19873593.31395399,-2111917.9609992383,4
1313,-1.3412433255416545,-18.634243522097293,-178.5275290328506,4.0,1.0,-1.0,52.356653291477414,50.568328857421875,-19873593.62451829,-2111920.982242866,4
1315,-1.1573103067589727,-18.634249956086126,-178.52752971635996,4.0,1.0,-1.0,52.356659968338136,50.81357955932617,-19873593.700606205,-2111921.738094803,4
1316,-1.2037904843355136,-18.63424995447079,-178.52752972038024,4.0,1.0,-1.0,52.356659966662846,50.75160598754883,-19873593.701053742,-2111921.737905037,4
1317,-1.1415818162076903,-18.634262808957015,-178.5275311129097,4.0,1.0,-1.0,52.356673297261295,50.834564208984375,-19873593.856069412,-2111923.248024053,4
1320,-1.4773764105329974,-18.634294927200063,-178.52753463286575,4.0,1.0,-1.0,52.35670655193462,50.386871337890625,-19873594.24790913,-2111927.021210718,4
1322,-0.9746109825650819,-18.63430136962449,-178.52753528677744,4.0,4.0,-1.0,52.35671321316295,51.05723190307617,-19873594.320702244,-2111927.7780538825,4
1323,-0.9729401452063939,-18.634301369682515,-178.52753528663303,4.0,4.0,-1.0,52.356713213221155,51.0594596862793,-19873594.32068617,-2111927.7780606984,4
1324,-1.4484820769566795,-18.634327048493592,-178.52753811450256,4.0,1.0,-1.0,52.3567397337938,50.42543029785156,-19873594.635483164,-2111930.79475646,4
1325,-0.735233289480675,-18.6343399192648,-178.52753944452996,4.0,4.0,-1.0,52.356753008207306,51.376441955566406,-19873594.78354114,-2111932.3067892888,4
1327,-1.1197574391385388,-18.634365592451232,-178.52754225756954,4.0,1.0,-1.0,52.356779450101385,50.86376953125,-19873595.09668727,-2111935.3228249634,4
1330,-1.2500468832186016,-18.63437843034611,-178.52754365705002,4.0,1.0,-1.0,52.3567926541873,50.6900634765625,-19873595.252476726,-2111936.830995889,4
1331,-1.088825916865062,-18.63439769425755,-178.5275457227923,4.0,1.0,-1.0,52.35681244481748,50.90504455566406,-19873595.482434105,-2111939.0940829543,4
1332,-1.0713864183785518,-18.634410532381878,-178.5275471061907,4.0,1.0,-1.0,52.356825618791845,50.92831039428711,-19873595.636433307,-2111940.6022811197,4
1335,-0.9578852063013983,-18.63442337317814,-178.5275484800572,4.0,4.0,-1.0,52.35683878336931,51.07965850830078,-19873595.789371427,-2111942.110793292,4
1341,-1.0171725977693313,-18.634436204411784,-178.52754986731114,4.0,1.0,-1.0,52.356851926013405,51.0006217956543,-19873595.94379983,-2111943.6181821804,4
1350,-1.0717801657724522,-18.634532401954054,-178.52756019302052,4.0,1.0,-1.0,52.356950072104155,50.92790985107422,-19873597.09325254,-2111954.919289841,5
1351,-1.044625362305851,-18.634538812834784,-178.5275608757794,4.0,1.0,-1.0,52.3569565886246,50.9641227722168,-19873597.16925691,-2111955.6724283677,5
1356,-1.239285718672818,-18.634609284893337,-178.52756840286074,4.0,1.0,-1.0,52.35702802243941,50.704647064208984,-19873598.007167775,-2111963.951358604,5
1357,-0.7153019481543197,-18.63462211132345,-178.52756971780946,4.0,4.0,-1.0,52.357040984583364,51.40330505371094,-19873598.153547194,-2111965.4581848313,5
1358,-1.1027093216821413,-18.634628500304373,-178.5275704307383,4.0,1.0,-1.0,52.35704743664064,50.88676834106445,-19873598.232910074,-2111966.2087510037,5
1364,-1.1869996163413816,-18.634679956323815,-178.52757616341933,4.0,1.0,-1.0,52.35709929110817,50.77443313598633,-19873598.871069204,-2111972.2537141414,5
1365,-1.1556848121308576,-18.63468633917775,-178.5275768153621,4.0,1.0,-1.0,52.35710570979427,50.816192626953125,-19873598.94364314,-2111973.0035607815,5
1366,-0.7512048422595399,-18.63468635323168,-178.5275767803755,4.0,4.0,-1.0,52.35710572392418,51.355499267578125,-19873598.939748455,-2111973.0052118152,5
1367,-1.323963544079561,-18.634692714603162,-178.52757748413873,4.0,1.0,-1.0,52.35711211801754,50.591827392578125,-19873599.018091016,-2111973.7525347606,5
1368,-1.5850747974732258,-18.634692706555622,-178.52757750682622,4.0,1.0,-1.0,52.357112109928494,50.24367904663086,-19873599.020616576,-2111973.7515893495,5
1370,-1.1548418444099298,-18.634699099359864,-178.52757812310884,4.0,1.0,-1.0,52.35711853261819,50.81732940673828,-19873599.089220844,-2111974.5026049907,5
1373,-1.2065377690851165,-18.634718236045867,-178.52758008633677,4.0,1.0,-1.0,52.35713774077885,50.74842071533203,-19873599.307766378,-2111976.7507501035,5
1375,-1.1564966920564075,-18.634750128262716,-178.52758333865322,4.0,1.0,-1.0,52.357169692191746,50.8151741027832,-19873599.669812586,-2111980.4973937045,5
1389,-1.2505918676515648,-18.634852094099195,-178.52759370377677,4.0,1.0,-1.0,52.357271344775654,50.689815521240234,-19873600.823652864,-2111992.4761721324,6
1390,-1.2090641206173132,-18.634852095542122,-178.5275937001848,4.0,1.0,-1.0,52.3572713462072,50.74518585205078,-19873600.823253006,-2111992.4763416452,6
1393,-1.441674766216238,-18.63486482819605,-178.5275950088736,4.0,1.0,-1.0,52.35728398597712,50.43505096435547,-19873600.968935575,-2111993.9721533516,6
1395,-1.3503794279404246,-18.634883935516942,-178.52759693103891,4.0,1.0,-1.0,52.35730293150846,50.55679702758789,-19873601.18291004,-2111996.2168508875,6
1396,-1.3197730805145511,-18.634896670480575,-178.5275982135282,4.0,1.0,-1.0,52.35731554371341,50.597618103027344,-19873601.325676095,-2111997.712934214,6
1398,-1.2914193475253342,-18.634903038322253,-178.5275988532422,4.0,1.0,-1.0,52.35732184569133,50.63542938232422,-19873601.396888733,-2111998.461018197,6
1400,-1.073153774569164,-18.63490941238958,-178.52759947623562,4.0,1.0,-1.0,52.35732815084157,50.926456451416016,-19873601.466240045,-2111999.2098335833,6
1407,-1.2730645614278728,-18.63494759389104,-178.5276033385576,4.0,1.0,-1.0,52.357365856887554,50.65994644165039,-19873601.896191757,-2112003.695336814,6
1408,-0.6151523240027927,-18.634947616751713,-178.5276032816511,4.0,4.0,-1.0,52.35736587943211,51.53716278076172,-19873601.889856957,-2112003.698022452,6
1409,-1.2109478781553662,-18.63495396098463,-178.52760397322237,4.0,1.0,-1.0,52.35737213425273,50.742774963378906,-19873601.96684232,-2112004.4433331345,6
1410,-1.280741512401164,-18.63496032220662,-178.5276046189441,4.0,1.0,-1.0,52.357378402846734,50.649723052978516,-19873602.038723733,-2112005.190639697,6
1412,-1.449678170637526,-18.63496668067315,-178.52760527309044,4.0,1.0,-1.0,52.35738466574912,50.42448043823242,-19873602.11154297,-2112005.9376225797,6
1416,-1.1677803363099883,-18.634992138474917,-178.5276078038038,4.0,1.0,-1.0,52.35740971110863,50.80036926269531,-19873602.39326069,-2112008.9283663156,6
1419,-1.3007547109532425,-18.635011219050618,-178.52760972945654,4.0,1.0,-1.0,52.357428451274245,50.62308883666992,-19873602.607623376,-2112011.169923551,6
1421,-1.2501861316204668,-18.635011220807797,-178.52760972508258,4.0,1.0,-1.0,52.357428453000466,50.690513610839844,-19873602.607136466,-2112011.1701299823,6
1423,-1.3401965021907927,-18.635030298206324,-178.52761164488118,4.0,1.0,-1.0,52.35744716324007,50.570518493652344,-19873602.82084747,-2112013.4113142174,6
1424,-1.4583367205682407,-18.635030295126068,-178.5276116552018,4.0,1.0,-1.0,52.357447160220545,50.41299819946289,-19873602.821996357,-2112013.4109523525,6
1425,-1.4829815716238954,-18.635030294269693,-178.52761165733347,4.0,1.0,-1.0,52.35744715938199,50.3801383972168,-19873602.82223365,-2112013.4108517473,6
1428,-1.425590214551903,-18.63504301580523,-178.5276129260955,4.0,1.0,-1.0,52.3574596211929,50.45667266845703,-19873602.96347159,-2112014.9053588505,6
1429,-1.2737271195287576,-18.635043020057346,-178.52761291285802,4.0,1.0,-1.0,52.35745962535475,50.659156799316406,-19873602.96199801,-2112014.9058583803,6
1430,-1.4992214992944355,-18.63504301324662,-178.5276129324643,4.0,1.0,-1.0,52.357459618688154,50.358497619628906,-19873602.96418057,-2112014.905058267,6
1431,-1.2695976102604618,-18.63504937955264,-178.5276135490745,4.0,1.0,-1.0,52.35746585054585,50.664669036865234,-19873603.032821298,-2112015.652962486,6
1436,-1.2172566807489602,-18.635074815145725,-178.52761608892916,4.0,1.0,-1.0,52.35749071918872,50.73448181152344,-19873603.31555663,-2112018.6410986334,6
1439,-1.2926403581923296,-18.6351002441198,-178.52761863734344,4.0,1.0,-1.0,52.35751553374212,50.633995056152344,-19873603.59924481,-2112021.6284576366,6
1440,-1.4021002331751333,-18.635100241341075,-178.52761864691314,4.0,1.0,-1.0,52.35751553103364,50.4880485534668,-19873603.600310102,-2112021.628131195,6
1443,-1.3491147973691113,-18.635112956122736,-178.52761991222783,4.0,1.0,-1.0,52.35752792074345,50.55870819091797,-19873603.74116429,-2112023.121845477,6
1444,-1.21959807219082,-18.635119316199912,-178.5276205357094,4.0,1.0,-1.0,52.35753411375117,50.73140335083008,-19873603.81056994,-2112023.8690182464,6
1445,-1.4594748139852527,-18.635119308889266,-178.5276205565592,4.0,1.0,-1.0,52.357534106635285,50.41156768798828,-19873603.812890932,-2112023.868159403,6
1451,-1.5778921566666213,-18.635138371370935,-178.5276224701892,4.0,1.0,-1.0,52.35755265053922,50.25369644165039,-19873604.025915243,-2112026.1075926535,6
1454,-1.7033193995830516,-18.63513836701235,-178.52762248103787,4.0,1.0,-1.0,52.35755264630279,50.08646011352539,-19873604.027122915,-2112026.107080613,6
1457,-1.2573040061188294,-18.635182867651345,-178.5276268801095,4.0,1.0,-1.0,52.35759583221443,50.681190490722656,-19873604.51682533,-2112031.334953406,6
1458,-1.6164827089924074,-18.63521462569641,-178.52763007834488,4.0,1.0,-1.0,52.35762656283623,50.20231628417969,-19873604.872851264,-2112035.065844933,6
1461,-1.2370722584141731,-18.635240052422553,-178.52763257812092,4.0,1.0,-1.0,52.35765111343244,50.708221435546875,-19873605.15112506,-2112038.0529423123,6
1463,-1.3745850667460218,-18.635252753724483,-178.52763385605067,4.0,1.0,-1.0,52.35766335925837,50.52488327026367,-19873605.293383546,-2112039.545074241,6
1464,-1.2146184232460655,-18.63525911107476,-178.52763447507584,4.0,1.0,-1.0,52.35766948416858,50.73817825317383,-19873605.362293113,-2112040.291927274,6
1465,-1.229085481983475,-18.635265463271214,-178.52763510926226,4.0,1.0,-1.0,52.35767560114073,50.718894958496094,-19873605.432890423,-2112041.0381748704,6
1466,-1.2382150236917369,-18.635297224864043,-178.52763827447447,4.0,1.0,-1.0,52.357706142021925,50.70675277709961,-19873605.785240237,-2112044.769484999,6
1468,-1.3152503373230502,-18.635316279261705,-178.5276401798593,4.0,1.0,-1.0,52.35772442844245,50.60405731201172,-19873605.997346707,-2112047.0079708956,6
1470,-1.3968324046818452,-18.635316276426572,-178.5276401869153,4.0,1.0,-1.0,52.35772442572488,50.49528121948242,-19873605.998132177,-2112047.0076378286,6
1473,-1.3885016555859693,-18.63532898037241,-178.52764145200462,4.0,1.0,-1.0,52.35773660279301,50.50640106201172,-19873606.138961274,-2112048.5000810297,6
1475,-1.4271191170801103,-18.635348031205666,-178.52764335396316,4.0,1.0,-1.0,52.35775484124679,50.45492935180664,-19873606.350686327,-2112050.738148605,6
1476,-1.461839324765151,-18.63535438156442,-178.5276439900011,4.0,1.0,-1.0,52.357760914872415,50.40864181518555,-19873606.42148975,-2112051.4841807,6
1479,-1.3084449328039227,-18.635373441415073,-178.5276458761186,4.0,1.0,-1.0,52.35777912630692,50.61318588256836,-19873606.63145139,-2112053.7233079607,6
1484,-1.6018707685157096,-18.63539248538215,-178.527647801364,4.0,1.0,-1.0,52.35779729584647,50.22196960449219,-19873606.845768727,-2112055.960569491,6
1485,-1.7138843545299096,-18.635398832837343,-178.5276484444718,4.0,1.0,-1.0,52.35780334591618,50.07262420654297,-19873606.91735916,-2112056.706260675,6
1486,-1.5535571705358961,-18.635405189745192,-178.52764906409737,4.0,1.0,-1.0,52.35780940202312,50.286399841308594,-19873606.98633556,-2112057.4530623746,6
1487,-1.3203671262513126,-18.6354179005033,-178.52765031114868,4.0,1.0,-1.0,52.35782150240084,50.59733200073242,-19873607.12515668,-2112058.9463066543,6
1489,-2.4729638068361055,-18.6354369135051,-178.52765231222352,4.0,1.0,-1.0,52.357839580176005,49.06055450439453,-19873607.34791531,-2112061.179931006,6
1490,-2.047883274369269,-18.63544327963871,-178.5276529094774,4.0,1.0,-1.0,52.35784562721892,49.62733459472656,-19873607.41440131,-2112061.9278167025,6
1491,-1.443469303124857,-18.635443300644603,-178.52765285720247,4.0,1.0,-1.0,52.35784564716778,50.43321990966797,-19873607.40858209,-2112061.9302844508,6
1492,-1.4302358728009494,-18.63544965248511,-178.52765349017932,4.0,1.0,-1.0,52.357851677650615,50.450870513916016,-19873607.47904475,-2112062.67649104,6
1494,-1.5791623566674389,-18.635455999661126,-178.52765413738248,4.0,1.0,-1.0,52.35785770073562,50.2523078918457,-19873607.55109108,-2112063.4221496778,6
1495,-1.4641680601853295,-18.635462355092596,-178.52765476177584,4.0,1.0,-1.0,52.357863728684606,50.4056396484375,-19873607.62059823,-2112064.168778185,6
1496,-1.4348842842186968,-18.635468706632786,-178.5276553936029,4.0,1.0,-1.0,52.35786974997063,50.4446907043457,-19873607.690932896,-2112064.9149495764,6
1498,-1.8833569951702884,-18.63547504255351,-178.5276560669644,4.0,1.0,-1.0,52.35787575348877,49.84673309326172,-19873607.765891153,-2112065.65928604,6
1499,-1.4818353223463419,-18.635475056508366,-178.52765603223725,4.0,1.0,-1.0,52.357875766709185,50.38209533691406,-19873607.762025345,-2112065.6609254396,6
1505,-1.4624225225934424,-18.635538575434328,-178.5276623837532,4.0,1.0,-1.0,52.357935789808835,50.40803909301758,-19873608.469072867,-2112073.123055176,6
1508,-1.4717089396344818,-18.635570334364477,-178.5276655667246,4.0,1.0,-1.0,52.35796568945079,50.395687103271484,-19873608.823399622,-2112076.8540584934,6
1513,-2.140083423535998,-18.63560207594813,-178.52766881151612,4.0,1.0,-1.0,52.357995498552555,49.50455093383789,-19873609.18460816,-2112080.583024662,6
1516,-1.5587601993106546,-18.635633864212583,-178.52767195320357,4.0,1.0,-1.0,52.35802527714077,50.27967834472656,-19873609.53433921,-2112084.3174755364,6
1517,-1.4407274359346047,-18.635640222361495,-178.52767258202337,4.0,1.0,-1.0,52.358031224393926,50.43706130981445,-19873609.60433911,-2112085.0644240673,6
1518,-1.6274753073785178,-18.635652923483438,-178.52767387679648,4.0,1.0,-1.0,52.3580430957918,50.18807601928711,-19873609.748472594,-2112086.5565383667,6
1519,-1.3448606063143416,-18.635652933306346,-178.52767385235435,4.0,1.0,-1.0,52.3580431049686,50.56489562988281,-19873609.74575171,-2112086.5576923518,6
1520,-1.4593304496142991,-18.635665639482877,-178.5276751419707,4.0,1.0,-1.0,52.35805496919602,50.41228103637695,-19873609.88931114,-2112088.0504005714,6
1522,-1.3818332478622324,-18.635697417292665,-178.52767833834292,4.0,1.0,-1.0,52.35808458927204,50.51564025878906,-19873610.24512967,-2112091.783624637,6
1524,-1.5673937575588752,-18.635710122565385,-178.52767963736977,4.0,1.0,-1.0,52.35809641103879,50.26823806762695,-19873610.38973668,-2112093.27622707,6
1531,-1.4799903217217434,-18.63574826567721,-178.52768348492262,4.0,1.0,-1.0,52.35813183032951,50.38481140136719,-19873610.8180443,-2112097.7572414614,6
1534,-1.541812862849838,-18.635754620938105,-178.52768413371422,4.0,1.0,-1.0,52.35813772134861,50.30238723754883,-19873610.890267454,-2112098.503851214,6
1537,-1.516062598622284,-18.635773695406545,-178.52768606346538,4.0,1.0,-1.0,52.35815538458883,50.33673858642578,-19873611.105086368,-2112100.744701034,6
1542,-1.5373977115559683,-18.63579912651733,-178.52768864492026,4.0,1.0,-1.0,52.35817889250757,50.30831527709961,-19873611.392452613,-2112103.7323233443,6
1545,-1.5567771794853797,-18.63581820537693,-178.52769058464457,4.0,1.0,-1.0,52.3581964972891,50.282493591308594,-19873611.608381737,-2112105.9736896195,6
1546,-1.8706485556081134,-18.63581819446689,-178.52769061178952,4.0,1.0,-1.0,52.35819648723009,49.86399841308594,-19873611.611403495,-2112105.972407918,6
1547,-1.4519479754585518,-18.635824568107413,-178.527691222055,4.0,1.0,-1.0,52.35820236246036,50.422271728515625,-19873611.67933794,-2112106.7211771985,6
1549,-1.6619388732087828,-18.635850003557994,-178.5276938295092,4.0,1.0,-1.0,52.35822577910585,50.14230728149414,-19873611.969598413,-2112109.70931024,6
1551,-1.5288656416942104,-18.635856369539614,-178.5276944660843,4.0,1.0,-1.0,52.35823163236637,50.31974411010742,-19873612.04046163,-2112110.4571798993,6
1553,-1.768987273282164,-18.63587544596523,-178.527696432862,4.0,1.0,-1.0,52.35824915449666,49.99959945678711,-19873612.25940232,-2112112.6982609886,6
1556,-1.7601971960493756,-18.63590726250787,-178.52769968201702,4.0,1.0,-1.0,52.358278319097735,50.011348724365234,-19873612.621096604,-2112116.4360399675,6
1562,-1.662749690239707,-18.635939088508483,-178.52770293144326,4.0,1.0,-1.0,52.35830741779682,50.14130783081055,-19873612.982821077,-2112120.174930763,6
1568,-1.7022304788670226,-18.635958051728736,-178.5277046461089,4.0,1.0,-1.0,52.35832472052061,50.08868408203125,-19873613.173696782,-2112122.4027136704,6
1571,-1.8713471680534894,-18.63597717542873,-178.52770667772552,4.0,1.0,-1.0,52.35834214285387,49.86321258544922,-19873613.399855312,-2112124.649349855,6
1573,-2.481662060951294,-18.63598353137976,-178.5277074035021,4.0,1.0,-1.0,52.35834792737842,49.04946517944336,-19873613.480648387,-2112125.396041689,6
1577,-2.653877580750759,-18.63605369254054,-178.52771484201276,4.0,1.0,-1.0,52.358411583090856,48.819908142089844,-19873614.308699608,-2112133.638518296,6
1589,-2.5202051951087014,-18.636206928354635,-178.52773114535708,4.0,1.0,-1.0,52.358549350314206,48.99827575683594,-19873616.123579595,-2112151.640550037,7
1591,-2.412460376022409,-18.636251656734498,-178.52773591943907,4.0,1.0,-1.0,52.35858923752858,49.14197540283203,-19873616.65502797,-2112156.895210561,7
1594,-2.2120541880617566,-18.63627722749823,-178.5277386396324,4.0,1.0,-1.0,52.3586119744632,49.40920639038086,-19873616.95783851,-2112159.8992476147,7
1597,-2.4252675171628653,-18.636296396728955,-178.5277407130746,4.0,1.0,-1.0,52.35862898772757,49.12493896484375,-19873617.188653037,-2112162.151236942,7
1598,-2.4203322526900592,-18.63629639690044,-178.52774071264795,4.0,1.0,-1.0,52.358628987880365,49.13151931762695,-19873617.188605547,-2112162.1512570893,7
1599,-2.4244363493212404,-18.636302789561974,-178.52774139832306,4.0,1.0,-1.0,52.3586346555403,49.12605285644531,-19873617.264934547,-2112162.902263054,7
1601,-2.387745118600833,-18.63630918393454,-178.5277420806236,4.0,1.0,-1.0,52.35864032170866,49.17498016357422,-19873617.340887897,-2112163.6534700585,7
1604,-2.5682583047300795,-18.636334752954436,-178.52774483958362,4.0,1.0,-1.0,52.35866294878724,48.93431854248047,-19873617.64801392,-2112166.6573032658,7
1605,-2.6785177820370336,-18.6363411436655,-178.5277455353004,4.0,1.0,-1.0,52.35866859667112,48.78731155395508,-19873617.72546076,-2112167.4080802607,7
1607,-2.653753768900515,-18.63638591424885,-178.52775033983426,4.0,1.0,-1.0,52.358708078993004,48.820369720458984,-19873618.26029902,-2112172.6677029785,7
1608,-2.7012481096112424,-18.636392309386423,-178.52775103104912,4.0,1.0,-1.0,52.3587137066952,48.757049560546875,-19873618.33724471,-2112173.419000223,7
1613,-2.6020489134984928,-18.636424299904494,-178.5277544592927,4.0,1.0,-1.0,52.358741813050074,48.88934326171875,-19873618.71887504,-2112177.1772291157,7
1614,-2.411297281860243,-18.6364307030382,-178.52775513022524,4.0,1.0,-1.0,52.358747429687355,49.14368438720703,-19873618.793562908,-2112177.929465912,7
1615,-2.5062359505186578,-18.636437098476897,-178.5277558261491,4.0,1.0,-1.0,52.35875303656394,49.01710510253906,-19873618.871032797,-2112178.6807987313,7
1618,-2.6889935349013285,-18.63645628876559,-178.52775790538362,4.0,1.0,-1.0,52.3587698425963,48.77344512939453,-19873619.102492124,-2112180.935264057,7
1621,-2.5251322573776633,-18.636488296544584,-178.52776133164141,4.0,1.0,-1.0,52.35879781330368,48.9919548034668,-19873619.483901396,-2112184.6955221696,7
1623,-2.567007302614911,-18.63650749781875,-178.527763399847,4.0,1.0,-1.0,52.35881455656272,48.93613815307617,-19873619.71413299,-2112186.9512787424,7
1625,-3.048752920381503,-18.63653949206518,-178.52776688313102,4.0,1.0,-1.0,52.358842394818566,48.29383850097656,-19873620.101890393,-2112190.7099481905,7
1626,-2.4184950861531433,-18.63655232002459,-178.52776820534362,4.0,1.0,-1.0,52.358853535281014,49.134193420410156,-19873620.249078427,-2112192.216971197,7
1627,-2.536387701475178,-18.63655871929928,-178.5277689039013,4.0,1.0,-1.0,52.35885908821365,48.97700881958008,-19873620.32684151,-2112192.9687552038,7
1628,-2.7194515549695097,-18.636565116537287,-178.5277696080905,4.0,1.0,-1.0,52.35886463636234,48.73292922973633,-19873620.405231494,-2112193.7202999736,7
1630,-2.7679006036723877,-18.636609946297455,-178.52777443031178,4.0,1.0,-1.0,52.35890343144274,48.66836929321289,-19873620.942038715,-2112198.9868816915,7
1632,-2.721167082097054,-18.636616353280267,-178.5277751144477,4.0,1.0,-1.0,52.358908963873546,48.73068618774414,-19873621.018196374,-2112199.7395715006,7
1635,-2.4656885876211163,-18.636641984788128,-178.52777784453178,4.0,1.0,-1.0,52.358931066453806,49.071346282958984,-19873621.322107945,-2112202.750751203,7
1637,-3.3504096917467905,-18.636648358515803,-178.52777860878766,4.0,1.0,-1.0,52.358936555141554,47.8917236328125,-19873621.40718452,-2112203.499534353,7
1642,-2.817418587497741,-18.636693227236975,-178.52778337645216,4.0,1.0,-1.0,52.358975108851155,48.6024169921875,-19873621.937918503,-2112208.770695779,7
1644,-2.76053392279573,-18.636757316397293,-178.52779024091274,4.0,1.0,-1.0,52.359029920742614,48.67831802368164,-19873622.70206676,-2112216.2998699825,7
1649,-4.237816559235853,-18.636827778622266,-178.5277979110655,4.0,1.0,-1.0,52.35908983410809,46.70866775512695,-19873623.55590426,-2112224.577753076,8
1650,-3.8512175454170574,-18.63684061472312,-178.52779924709938,4.0,1.0,-1.0,52.35910070915634,47.224143981933594,-19873623.704630874,-2112226.0857350947,8
1651,-4.0098064603384955,-18.63685343144152,-178.5278006295398,4.0,1.0,-1.0,52.35911155567919,47.01270294189453,-19873623.858523436,-2112227.591440183,8
1652,-3.4682401231439144,-18.636866272042184,-178.52780195065222,4.0,1.0,-1.0,52.359122410285636,47.73480224609375,-19873624.005588997,-2112229.099951067,8
1655,-4.837190475867374,-18.636879049658223,-178.52780343661917,4.0,1.0,-1.0,52.359133199594,45.9095458984375,-19873624.17100608,-2112230.601062646,8
1660,-4.475851614024123,-18.636923950337476,-178.52780818568615,4.0,1.0,-1.0,52.35917101799896,46.3913688659668,-19873624.6996698,-2112235.875985658,8
1661,-4.846684276456017,-18.63693035045136,-178.52780889988804,4.0,1.0,-1.0,52.359176396521434,45.89693069458008,-19873624.77917439,-2112236.6278698975,8
1674,-5.7250019872312805,-18.637045767083485,-178.5278212170208,4.0,1.0,-1.0,52.35927287262348,44.72593688964844,-19873626.150311336,-2112250.1870001657,9
1676,-6.26618903494591,-18.637071406151826,-178.527823973763,4.0,1.0,-1.0,52.359294171024885,44.00437545776367,-19873626.457190476,-2112253.1990756816,9
1677,-6.056707800159074,-18.637071413432178,-178.5278239556445,4.0,1.0,-1.0,52.35929417706757,44.28368377685547,-19873626.455173533,-2112253.199930977,9
1687,-6.403177422058434,-18.63713554572238,-178.5278307420819,4.0,1.0,-1.0,52.35934723982791,43.82177734375,-19873627.210636288,-2112260.734188838,9
1689,-6.1723769518753215,-18.637141968591358,-178.52783139632623,4.0,1.0,-1.0,52.35935253739626,44.1295166015625,-19873627.283466436,-2112261.488747283,9
1690,-6.573498529785866,-18.637161199322176,-178.5278334519934,4.0,1.0,-1.0,52.35936838069756,43.594703674316406,-19873627.512302253,-2112263.7479731026,9
1696,-6.184019733602327,-18.63719970217526,-178.52783745267337,4.0,1.0,-1.0,52.35940001955896,44.11404037475586,-19873627.957655914,-2112268.271288177,9
1700,-6.431117382135653,-18.637231779555805,-178.52784102939438,4.0,1.0,-1.0,52.359426295077355,43.784603118896484,-19873628.355814677,-2112272.0397395366,9
2743,-6.130061593773462,-18.645469182878223,-178.52869625115522,4.0,1.0,-1.0,52.36366585509313,44.190250396728516,-19873723.558665607,-2113239.793617145,10
2752,-5.669545055396156,-18.64552022514157,-178.52870144636344,4.0,1.0,-1.0,52.36367654928472,44.804283142089844,-19873724.13699354,-2113245.790355647,10
2755,-6.199089037248996,-18.64553933741355,-178.52870345637277,4.0,1.0,-1.0,52.36368050425517,44.098228454589844,-19873724.360746756,-2113248.0357756843,10
2757,-6.446416872011014,-18.645545705641485,-178.52870413268792,4.0,1.0,-1.0,52.363681816083044,43.76845932006836,-19873724.43603381,-2113248.783951917,10
2761,-6.130828045783801,-18.645577595966866,-178.5287073810569,4.0,1.0,-1.0,52.36368834042332,44.18925094604492,-19873724.797640596,-2113252.530612134,10
2766,-6.586193291012478,-18.645609456709167,-178.52871069850113,4.0,1.0,-1.0,52.36369478393135,43.58210372924805,-19873725.166936796,-2113256.2737974604,10
2955,-5.315046554215314,-18.64643711182898,-178.52879717046,4.0,1.0,-1.0,52.363835977723284,45.27710723876953,-19873734.792951226,-2113353.5117811887,11
2964,-5.727077883276252,-18.646475271198348,-178.52880128774103,4.0,1.0,-1.0,52.36384127112615,44.72773742675781,-19873735.251284856,-2113357.994988636,11
2977,-4.986765696492512,-18.646507106084574,-178.5288046286017,4.0,1.0,-1.0,52.363845605170354,45.71482467651367,-19873735.623187765,-2113361.735156013,11
2984,-4.9329924674175345,-18.64653255545079,-178.52880735019664,4.0,1.0,-1.0,52.363849016208405,45.78652572631836,-19873735.926154327,-2113364.7251118976,11
2995,-5.17406192153976,-18.64655799399777,-178.52881009919128,4.0,1.0,-1.0,52.36385237813374,45.46510314941406,-19873736.23217101,-2113367.7137971167,11
3012,-5.605799721445692,-18.646596148329298,-178.5288142321216,4.0,1.0,-1.0,52.363857331230975,44.88945770263672,-19873736.692246705,-2113372.1964158774,12
3033,-5.5538706669262865,-18.64664067987184,-178.52881901056244,4.0,1.0,-1.0,52.36386297663739,44.958702087402344,-19873737.22418031,-2113377.4282720974,12
3043,-5.080182051707197,-18.646666138627637,-178.52882170450016,4.0,1.0,-1.0,52.36386613852301,45.59029006958008,-19873737.524068087,-2113380.419333481,12
3050,-5.355327799592942,-18.646678852487625,-178.52882309654007,4.0,1.0,-1.0,52.363867699668845,45.22343063354492,-19873737.67902926,-2113381.9130411963,12
3064,-5.054047807784627,-18.646710668082147,-178.52882649220047,4.0,1.0,-1.0,52.36387155417833,45.62514114379883,-19873738.057032444,-2113385.6509465408,12
3072,-5.188637140050105,-18.646755191547246,-178.52883129758325,4.0,1.0,-1.0,52.3638768231267,45.44569396972656,-19873738.59196521,-2113390.8818572983,12
3081,-5.1499851594107895,-18.646793358947875,-178.52883540565998,4.0,1.0,-1.0,52.36388122369681,45.49723434448242,-19873739.049274217,-2113395.3660167097,12
3088,-4.776767405574901,-18.64682517693813,-178.52883880111304,4.0,1.0,-1.0,52.363884810216405,45.9948616027832,-19873739.427254327,-2113399.104206044,12
3100,-4.849179668218767,-18.64685698080025,-178.52884223641567,4.0,1.0,-1.0,52.363888320645856,45.8983154296875,-19873739.809670467,-2113402.840736211,12
3180,-3.932266994032034,-18.64725149368246,-178.5288846938324,4.0,1.0,-1.0,52.3639256738461,47.12090301513672,-19873744.536008477,-2113449.1908030747,13
3190,-3.7343243892100872,-18.647302420007435,-178.52889015593493,4.0,1.0,-1.0,52.363929660466965,47.384830474853516,-19873745.144046947,-2113455.173983271,13
3194,-4.609378280844339,-18.6473278523118,-178.52889296955905,4.0,1.0,-1.0,52.363931579862765,46.21809387207031,-19873745.45725815,-2113458.1619486124,13
3197,-3.490294112434185,-18.647366090135606,-178.52889697739818,4.0,1.0,-1.0,52.363934376067846,47.710208892822266,-19873745.903408762,-2113462.65439696,13
3202,-3.5919301088515567,-18.64738518766474,-178.52889903732887,4.0,1.0,-1.0,52.36393573229361,47.5746955871582,-19873746.1327192,-2113464.898109316,13
3237,-1.1731281756460703,-18.647595391200365,-178.52892133198895,4.0,1.0,-1.0,52.36394888548057,50.79977798461914,-19873748.614549406,-2113489.5943192304,14
3240,-1.2263783099979264,-18.64761448597755,-178.5289233769997,4.0,1.0,-1.0,52.36394991910856,50.72877883911133,-19873748.84219896,-2113491.837711296,14
3241,-1.0308788901047592,-18.64761449277524,-178.52892336008966,4.0,1.0,-1.0,52.36394991947236,50.989444732666016,-19873748.84031654,-2113491.8385099377,14
3243,-1.0135907308622336,-18.647639956127563,-178.52892607691223,4.0,1.0,-1.0,52.3639512560585,51.01249694824219,-19873749.14275185,-2113494.830128511,14
3245,-1.001411356182416,-18.647639956551043,-178.52892607585878,4.0,1.0,-1.0,52.36395125607851,51.02873611450195,-19873749.14263458,-2113494.8301782655,14
3246,-1.2604946378755812,-18.647652680676103,-178.52892745660895,4.0,1.0,-1.0,52.36395190608346,50.683292388916016,-19873749.296338987,-2113496.325100561,14
3249,-1.0539435652576685,-18.647665421874365,-178.5289287964919,4.0,1.0,-1.0,52.36395254501804,50.95869445800781,-19873749.445494074,-2113497.8220288535,14
3252,-1.1165315393318451,-18.64767178704333,-178.52892948055558,4.0,1.0,-1.0,52.36395285973413,50.875244140625,-19873749.521643694,-2113498.5698550665,14
3258,-1.3926471499294166,-18.647703617638275,-178.52893289539824,4.0,1.0,-1.0,52.36395438878935,50.5070915222168,-19873749.90178224,-2113502.3095446317,14
3260,-1.3738592554518618,-18.647716355084558,-178.52893424896791,4.0,1.0,-1.0,52.36395497976264,50.532142639160156,-19873750.052460928,-2113503.806032562,14
3262,-0.898428767434325,-18.64771637161601,-178.5289342078447,4.0,1.0,-1.0,52.36395498052116,51.16604995727539,-19873750.047883112,-2113503.8079747977,14
3265,-1.304236910119016,-18.647735464061345,-178.5289362744962,4.0,1.0,-1.0,52.363955843944495,50.62497329711914,-19873750.277941704,-2113506.0510945,14
3266,-1.001334688791303,-18.64773547459375,-178.52893624829613,4.0,1.0,-1.0,52.363955844413795,51.02884292602539,-19873750.275025126,-2113506.052331923,14
3267,-1.1269366687124602,-18.647741840211253,-178.52893693608934,4.0,1.0,-1.0,52.363956126317134,50.86137390136719,-19873750.351589914,-2113506.800211143,14
3274,-1.4787781060858833,-18.647786426196006,-178.5289417005332,4.0,1.0,-1.0,52.363958017180266,50.39225387573242,-19873750.88196538,-2113512.0384989353,14
3278,-1.4224363663925033,-18.647799172580797,-178.5289430466974,4.0,1.0,-1.0,52.363958530841046,50.467376708984375,-19873751.031819694,-2113513.5360377585,14
3282,-1.30533221236783,-18.647811920196805,-178.52894438672132,4.0,1.0,-1.0,52.363959032587445,50.62351608276367,-19873751.180990472,-2113515.033721347,14
3283,-1.3479728983593304,-18.64781191871405,-178.52894439040972,4.0,1.0,-1.0,52.36395903252924,50.5666618347168,-19873751.181401063,-2113515.033547142,14
3286,-0.8389112702866441,-18.647818309589464,-178.5289450212974,4.0,1.0,-1.0,52.363959279571645,51.24541091918945,-19873751.25163116,-2113515.7843941823,14
3287,-1.2830251837617652,-18.647824667600265,-178.52894573445897,4.0,1.0,-1.0,52.36395952235944,50.65325927734375,-19873751.33101994,-2113516.5313800755,14
3289,-1.100283065106396,-18.647824673954563,-178.5289457186524,4.0,1.0,-1.0,52.363959522599544,50.896915435791016,-19873751.329260364,-2113516.5321266246,14
3294,-1.2539189966018967,-18.647894795588194,-178.52895314252748,4.0,1.0,-1.0,52.363962002793414,50.69207000732422,-19873752.15568236,-2113524.770533971,14
3295,-1.1047967585695915,-18.6478948007735,-178.52895312962892,4.0,1.0,-1.0,52.36396200296258,50.890899658203125,-19873752.154246494,-2113524.7711431785,14
3296,-1.5180231950203051,-18.64790754164006,-178.5289545105193,4.0,1.0,-1.0,52.36396241473085,50.33993148803711,-19873752.307966508,-2113526.2680346346,14
3313,-2.078334460213682,-18.648047898876083,-178.52896930500992,4.0,1.0,-1.0,52.36396615976082,49.59285354614258,-19873753.95488167,-2113542.758250678,15
3315,-1.9958826398865313,-18.6480479017432,-178.52896929787792,4.0,1.0,-1.0,52.36396615982267,49.702789306640625,-19873753.95408774,-2113542.7585875276,15
3319,-1.9407680953663657,-18.6480606732793,-178.5289706291209,4.0,1.0,-1.0,52.363966428587446,49.776275634765625,-19873754.10228103,-2113544.259083622,15
3328,-2.1729548772295857,-18.648092594220223,-178.52897398574618,4.0,1.0,-1.0,52.363967047813276,49.46669387817383,-19873754.47593885,-2113548.0093962806,15
3335,-1.5211597420093312,-18.64811177895935,-178.5289759290223,4.0,1.0,-1.0,52.363967383877025,50.33575439453125,-19873754.692263357,-2113550.263364324,15
3337,-1.3009954430813195,-18.64811178559021,-178.52897590987635,4.0,1.0,-1.0,52.36396738398798,50.62930679321289,-19873754.69013204,-2113550.2641433673,15
3341,-1.8879802338256013,-18.648124542640108,-178.5289772928816,4.0,1.0,-1.0,52.36396759244781,49.84666061401367,-19873754.844087478,-2113551.7629380776,15
3355,-1.6336070355937409,-18.64815649870617,-178.52898059779662,4.0,1.0,-1.0,52.36396806202538,50.18582534790039,-19873755.211988937,-2113555.517378914,15
3358,-2.181916425212421,-18.648162867257877,-178.5289813097237,4.0,1.0,-1.0,52.36396814662112,49.45474624633789,-19873755.291240297,-2113556.265604719,15
3364,-1.3958619348386492,-18.648175676589382,-178.528982570738,4.0,1.0,-1.0,52.36396830773083,50.5028190612793,-19873755.431615766,-2113557.7705423217,15
3368,-1.210610810482649,-18.648188466358388,-178.528983882936,4.0,1.0,-1.0,52.363968456538714,50.749820709228516,-19873755.577688977,-2113559.2731816876,15
3375,-1.8459782562008513,-18.64819483751636,-178.5289846018158,4.0,1.0,-1.0,52.36396852617145,49.90266418457031,-19873755.657714315,-2113560.0217138366,15
3384,-1.979356428711526,-18.648214010716814,-178.5289866035409,4.0,1.0,-1.0,52.36396871769284,49.72482681274414,-19873755.88054533,-2113562.274327588,15
3394,-1.6991794723812745,-18.648239597117286,-178.5289892302926,4.0,1.0,-1.0,52.36396893111123,50.09839630126953,-19873756.172953993,-2113565.2804133617,15
3405,-2.7538499299816976,-18.648265141802444,-178.52899196929525,4.0,1.0,-1.0,52.36396909609539,48.692169189453125,-19873756.477858376,-2113568.2815985554,15
3415,-3.2589951210579784,-18.64830350831379,-178.52899597899346,4.0,1.0,-1.0,52.363969253614414,48.01864242553711,-19873756.92421594,-2113572.789190907,16
3433,-2.87749491375871,-18.64834191843286,-178.5289999050906,4.0,1.0,-1.0,52.36396930273622,48.52730941772461,-19873757.36126707,-2113577.3019076465,16
3434,-3.233228785220035,-18.64834190606332,-178.52899993586075,4.0,1.0,-1.0,52.36396930273804,48.05299758911133,-19873757.36469239,-2113577.300454377,16
3443,-3.301512788441869,-18.64837391067736,-178.52900323577876,4.0,1.0,-1.0,52.36396926072848,47.961952209472656,-19873757.73203758,-2113581.060603813,16
3449,-3.5319709599489215,-18.64840591551547,-178.5290065447352,4.0,1.0,-1.0,52.363969143294526,47.6546745300293,-19873758.10038893,-2113584.820780284,16
3458,-3.453447212806168,-18.648431537046903,-178.52900916605768,4.0,1.0,-1.0,52.3639689949232,47.75937271118164,-19873758.392193213,-2113587.830996913,16
3459,-3.386170258144375,-18.648431539386184,-178.5290091602384,4.0,1.0,-1.0,52.363968994908646,47.84907531738281,-19873758.39154541,-2113587.8312717485,16
3461,-3.5453002473504966,-18.648450751555746,-178.52901114316518,4.0,1.0,-1.0,52.36396885193608,47.63690185546875,-19873758.61228381,-2113590.0884670354,16
3466,-3.69592157872421,-18.648463559822176,-178.52901246806195,4.0,1.0,-1.0,52.3639687415216,47.436073303222656,-19873758.759770647,-2113591.5932820556,16
3471,-3.307514683790032,-18.64848279611643,-178.52901440092077,4.0,1.0,-1.0,52.363968552996084,47.953948974609375,-19873758.974935506,-2113593.8533121264,16
3474,-3.517050282603577,-18.64848278883067,-178.52901441904515,4.0,1.0,-1.0,52.3639685530743,47.67456817626953,-19873758.9769531,-2113593.8524561375,16
3476,-3.578693777539229,-18.648495603556317,-178.52901573445737,4.0,1.0,-1.0,52.36396841237001,47.592376708984375,-19873759.12338412,-2113595.358030321,16
3477,-3.4219068026704917,-18.648502018011936,-178.52901637568033,4.0,1.0,-1.0,52.363968337398546,47.80142593383789,-19873759.194764733,-2113596.1116507715,16
3482,-4.004353607451321,-18.648527635842587,-178.5290190433166,4.0,1.0,-1.0,52.36396800777038,47.02482986450195,-19873759.491724644,-2113599.1214343114,16
3487,-3.7047327695536296,-18.648546878969267,-178.52902097860226,4.0,1.0,-1.0,52.363967728382704,47.42432403564453,-19873759.707159657,-2113601.3822679603,16
3489,-3.3130501445825757,-18.648546892588104,-178.52902094472284,4.0,1.0,-1.0,52.36396772817716,47.94656753540039,-19873759.703388218,-2113601.383868007,16
3493,-3.4126019880709464,-18.648572537240383,-178.5290235658954,4.0,1.0,-1.0,52.3639673134403,47.8138313293457,-19873759.995175812,-2113604.3968035565,16
3595,-7.692263658653246,-18.64915118771714,-178.52908185612733,4.0,1.0,-1.0,52.36394508124795,42.10759353637695,-19873766.48401475,-2113672.38133601,17
3605,-8.280812508287909,-18.649228442773214,-178.52908957475583,4.0,1.0,-1.0,52.36394024746005,41.32285690307617,-19873767.343248542,-2113681.4579016105,17
3606,-7.884563373143465,-18.649234895070187,-178.5290901798038,4.0,1.0,-1.0,52.363939823859255,41.85118865966797,-19873767.41060218,-2113682.2159712324,17
3609,-7.441061580696896,-18.649241346844207,-178.5290907806327,4.0,1.0,-1.0,52.36393939722802,42.44252395629883,-19873767.477486145,-2113682.973979444,17
3618,-7.8335429937224035,-18.649286395204005,-178.52909529221068,4.0,1.0,-1.0,52.363936332938465,41.919212341308594,-19873767.979712706,-2113688.266637194,17
6682,-7.084116436247314,-18.657553136934556,-178.52995193481405,4.0,1.0,-1.0,52.36084426403613,42.91535568237305,-19873863.340731107,-2114659.536315918,18
6730,-6.720397962629704,-18.65763610230962,-178.52996037295222,4.0,1.0,-1.0,52.36078772743531,43.4002571105957,-19873864.28006035,-2114669.2842599177,18
6732,-7.002214450202246,-18.65763609251335,-178.52996039732264,4.0,1.0,-1.0,52.360787734140104,43.02450180053711,-19873864.282773253,-2114669.2831089143,18
6739,-6.951307853120852,-18.65764247310492,-178.5299610450719,4.0,1.0,-1.0,52.36078336511491,43.09237289428711,-19873864.35488037,-2114670.032791124,18
6740,-7.0241891355453845,-18.657648850173153,-178.5299617037352,4.0,1.0,-1.0,52.360778995505825,42.99519348144531,-19873864.428202435,-2114670.782059389,18
6779,-7.7892489974378805,-18.657699893055483,-178.52996699281553,4.0,1.0,-1.0,52.360743912680846,41.97507858276367,-19873865.016980164,-2114676.7793009127,18
7099,-7.347266536967254,-18.65825396469632,-178.53002435797507,4.0,1.0,-1.0,52.36035074395113,42.563995361328125,-19873871.402840514,-2114741.8796092356,19
7103,-7.131210037901383,-18.658260337148107,-178.5300250063335,4.0,1.0,-1.0,52.36034609057424,42.85206604003906,-19873871.47501544,-2114742.6283377926,19
7123,-7.179492362502515,-18.658292164901248,-178.5300283488639,4.0,1.0,-1.0,52.36032280413747,42.78766632080078,-19873871.847104225,-2114746.3679267657,19
7138,-7.74147417300037,-18.658323974002432,-178.530031740133,4.0,1.0,-1.0,52.36029945682276,42.038333892822266,-19873872.224618576,-2114750.105324933,19
7139,-7.4312648927616465,-18.65832398478723,-178.53003171330775,4.0,1.0,-1.0,52.360299448893784,42.45194625854492,-19873872.2216324,-2114750.10659209,19
7166,-8.405942831626817,-18.65836214695377,-178.53003581473772,4.0,1.0,-1.0,52.36027134019969,41.152347564697266,-19873872.678201493,-2114754.590442165,19
7178,-7.210187714651511,-18.658381285000367,-178.5300377220802,4.0,1.0,-1.0,52.36025720351972,42.746673583984375,-19873872.890525892,-2114756.8390604677,19
7183,-6.7683414230027665,-18.658394032772343,-178.53003902537736,4.0,1.0,-1.0,52.36024777217426,43.335792541503906,-19873873.035608266,-2114758.3368557603,19
7200,-7.039130992414357,-18.658425855137516,-178.53004240561611,4.0,1.0,-1.0,52.36022417640925,42.97471618652344,-19873873.411894724,-2114762.0758146197,19
7298,-5.623234299645901,-18.658597817601002,-178.53006048314978,4.0,1.0,-1.0,52.360095378857295,44.862449645996094,-19873875.424276568,-2114782.280502712,20
7301,-5.590604332266139,-18.658597818735508,-178.5300604803281,4.0,1.0,-1.0,52.36009537799873,44.90595626831055,-19873875.42396246,-2114782.280636011,20
7305,-5.695377855753577,-18.65859781509268,-178.53006048938846,4.0,1.0,-1.0,52.36009538075086,44.766258239746094,-19873875.42497105,-2114782.2802079977,20
7319,-5.270118114164234,-18.65862330304023,-178.53006315905844,4.0,1.0,-1.0,52.36007610534398,45.333251953125,-19873875.722157355,-2114785.274909978,20
7357,-5.957823124552306,-18.658686971919742,-178.53006999579537,4.0,1.0,-1.0,52.36002774639201,44.416263580322266,-19873876.48321943,-2114792.7556759072,21
7369,-5.500243847368438,-18.658699728664025,-178.53007131359817,4.0,1.0,-1.0,52.360018021263386,45.02635955810547,-19873876.629916567,-2114794.2545280973,20
7405,-5.9831139859043105,-18.65873793348292,-178.53007543058368,4.0,1.0,-1.0,52.359988824060565,44.382503509521484,-19873877.088217296,-2114798.743399539,21
7434,-5.336945487606499,-18.658788926629022,-178.53008081640638,4.0,1.0,-1.0,52.35994968619343,45.244022369384766,-19873877.687764335,-2114804.7348358,21
7450,-5.642204779170697,-18.65881440175034,-178.53008356660118,4.0,1.0,-1.0,52.35993006200624,44.83699035644531,-19873877.99391462,-2114807.7280341364,21
7470,-4.7472011030135945,-18.65884629581527,-178.53008689714306,4.0,1.0,-1.0,52.35990542576292,46.030303955078125,-19873878.36466885,-2114811.4754266227,21
7483,-4.939205539867999,-18.658859035767353,-178.5300882778421,4.0,1.0,-1.0,52.3598955639809,45.774288177490234,-19873878.518367562,-2114812.9723072206,21
7493,-6.0172610539302696,-18.658865372849505,-178.53008905340317,4.0,1.0,-1.0,52.35989065410104,44.336875915527344,-19873878.604702625,-2114813.716882694,21
7503,-5.5448492543173415,-18.658884510824528,-178.53009105996446,4.0,1.0,-1.0,52.35987580832807,44.96674346923828,-19873878.828072008,-2114815.9654992577,21
7508,-5.485012967238163,-18.658890887066622,-178.53009173749763,4.0,1.0,-1.0,52.359870856138514,45.0465202331543,-19873878.903494652,-2114816.714675939,21
7509,-5.242654854607736,-18.658897268862965,-178.53009239926115,4.0,1.0,-1.0,52.35986589663844,45.369659423828125,-19873878.977161832,-2114817.464505249,21
7537,-5.973384443720079,-18.658929101912197,-178.5300957925681,4.0,1.0,-1.0,52.35984111335529,44.395328521728516,-19873879.354903035,-2114821.204730523,21
7550,-5.69639761011922,-18.658948240232807,-178.53009783601334,4.0,1.0,-1.0,52.359826177505965,44.76462936401367,-19873879.582378317,-2114823.453388535,21
7567,-5.685426018234011,-18.658986504285846,-178.53010197283493,4.0,1.0,-1.0,52.359796234761234,44.77922821044922,-19873880.04288719,-2114827.949226269,21
7596,-5.770697196552646,-18.65901839241811,-178.530105430858,4.0,1.0,-1.0,52.359771199000534,44.66550827026367,-19873880.427832555,-2114831.695925497,21
7615,-5.481684477008912,-18.659043915628526,-178.53010816748844,4.0,1.0,-1.0,52.35975110647087,45.050838470458984,-19873880.732472867,-2114834.6947781164,21
7637,-5.793680178850536,-18.659075803772467,-178.5301116483847,4.0,1.0,-1.0,52.35972593589577,44.63481903076172,-19873881.11996446,-2114838.441479983,21
7643,-5.584359237735498,-18.65909495259051,-178.53011370330876,4.0,1.0,-1.0,52.35971078499824,44.91389846801758,-19873881.348717563,-2114840.6913733385,21
7745,-3.71711257447123,-18.659229052306802,-178.5301280607898,4.0,1.0,-1.0,52.35960392619927,47.4034538269043,-19873882.94698504,-2114856.447447472,22
7754,-3.177513091568926,-18.65924183880718,-178.53012939691538,4.0,1.0,-1.0,52.35959366799034,48.12290954589844,-19873883.09572186,-2114857.9498006497,22
7781,-3.1696107274992755,-18.65928015150713,-178.53013354476377,4.0,1.0,-1.0,52.35956285883367,48.13341522216797,-19873883.557458233,-2114862.4513619477,22
7795,-3.236188446891447,-18.65930569522546,-178.5301363157849,4.0,1.0,-1.0,52.35954225780188,48.04462432861328,-19873883.86592689,-2114865.452628777,22
7796,-3.211116294335625,-18.65931208305223,-178.53013700484706,4.0,1.0,-1.0,52.35953709850219,48.07804870605469,-19873883.94263294,-2114866.2031684653,22
7814,-3.677901428385212,-18.65934400437481,-178.53014050073693,4.0,1.0,-1.0,52.359511271375595,47.45564270019531,-19873884.33179362,-2114869.9537745896,22
7818,-3.1727381565206088,-18.659350410005352,-178.53014114801016,4.0,1.0,-1.0,52.359506079625135,48.129188537597656,-19873884.403847747,-2114870.7064063074,22
7830,-3.3728560816539357,-18.659363179730796,-178.53014254707725,4.0,1.0,-1.0,52.3594957207697,47.86235427856445,-19873884.559591185,-2114872.206789585,22
7835,-3.6498707443452076,-18.659369558716836,-178.53014326182844,4.0,1.0,-1.0,52.35949054161392,47.49299621582031,-19873884.639156923,-2114872.9562907834,22
7842,-3.949008662255892,-18.659382325150897,-178.53014466900106,4.0,1.0,-1.0,52.359480167431684,47.09413528442383,-19873884.795802664,-2114874.456287506,22
7849,-3.669846166782463,-18.659388724026677,-178.5301453354641,4.0,1.0,-1.0,52.359474963099274,47.466346740722656,-19873884.86999299,-2114875.208125741,22
7851,-3.2237325708929347,-18.65938873953858,-178.53014529688284,4.0,1.0,-1.0,52.359474950480944,48.06116485595703,-19873884.865698144,-2114875.2099483185,22
7855,-3.4589762881860224,-18.659395120710894,-178.53014600776586,4.0,1.0,-1.0,52.359469757539046,47.747501373291016,-19873884.94483328,-2114875.959706505,22
7862,-3.391702969704056,-18.659407902302043,-178.53014738281334,4.0,1.0,-1.0,52.3594593469752,47.837188720703125,-19873885.097902864,-2114877.461484345,22
7870,-3.390543209029147,-18.65941429319405,-178.5301480731379,4.0,1.0,-1.0,52.35945413710397,47.83872985839844,-19873885.17474944,-2114878.2123846365,22
7875,-3.6998387760222613,-18.659420671568554,-178.53014879002956,4.0,1.0,-1.0,52.35944893443593,47.42633056640625,-19873885.254553456,-2114878.961814208,22
7879,-3.3546506278094057,-18.659420683571174,-178.5301487601764,4.0,1.0,-1.0,52.35944892464431,47.88658142089844,-19873885.251230218,-2114878.96322446,22
7894,-3.600618943899917,-18.659452628140006,-178.53015223144575,4.0,1.0,-1.0,52.35942282323049,47.558597564697266,-19873885.637650155,-2114882.716564311,22
7910,-3.5899305503689902,-18.659484583331867,-178.53015567795802,4.0,1.0,-1.0,52.359396637959435,47.57282257080078,-19873886.021314144,-2114886.471153029,22
7915,-3.360177883786946,-18.65949098432861,-178.53015634744412,4.0,1.0,-1.0,52.35939138370486,47.879154205322266,-19873886.095840998,-2114887.2232409217,22
7929,-3.5029293324964783,-18.659503764006136,-178.53015773798379,4.0,1.0,-1.0,52.35938088449075,47.68880844116211,-19873886.250635166,-2114888.724794766,22
7949,-3.260584900766389,-18.659529342866367,-178.53016047200174,4.0,1.0,-1.0,52.35935983391573,48.01191329956055,-19873886.554984648,-2114891.7301945635,22
7957,-3.3392018613571963,-18.659535733414522,-178.53016116728577,4.0,1.0,-1.0,52.359354567177434,47.90708541870117,-19873886.632383313,-2114892.481054992,22
7968,-3.3178249699144544,-18.659548521239277,-178.5301625420505,4.0,1.0,-1.0,52.35934401913073,47.935577392578125,-19873886.785421424,-2114893.9835664947,22
7974,-3.2489476041409944,-18.659554917432686,-178.5301632242182,4.0,1.0,-1.0,52.359338738708175,48.027408599853516,-19873886.861359987,-2114894.7350902976,22
7980,-3.444777807013452,-18.659561304593048,-178.5301639291548,4.0,1.0,-1.0,52.359333462736686,47.76629638671875,-19873886.93983317,-2114895.4855527915,22
8014,-3.2553016517526885,-18.659606073699386,-178.53016872512646,4.0,1.0,-1.0,52.35929639789356,48.01889419555664,-19873887.473718293,-2114900.7457213504,22
8342,-1.1906267288286472,-18.66015022303588,-178.53022628318627,4.0,1.0,-1.0,52.35883409221424,50.771331787109375,-19873893.8810522,-2114964.680930995,23
8358,-1.0741020932973697,-18.660182254665777,-178.53022962151474,4.0,1.0,-1.0,52.358806198859384,50.92667007446289,-19873894.252673227,-2114968.4445163077,23
8360,-1.0838753479142724,-18.660182254326006,-178.53022962236,4.0,1.0,-1.0,52.35880619915588,50.913639068603516,-19873894.25276732,-2114968.444476385,23
8363,-1.1568743501225072,-18.66018225178803,-178.5302296286738,4.0,1.0,-1.0,52.35880620136777,50.816307067871094,-19873894.253470168,-2114968.444178184,23
8378,-1.0137507909635133,-18.66021418675294,-178.53023307104075,4.0,1.0,-1.0,52.35877831698781,51.007110595703125,-19873894.636672705,-2114972.1964064613,23
8380,-1.2454421567194913,-18.6602141786979,-178.5302330910796,4.0,1.0,-1.0,52.358778324030936,50.69818878173828,-19873894.63890342,-2114972.195460028,23
8401,-1.4307539553847164,-18.660252649187736,-178.5302370640889,4.0,1.0,-1.0,52.35874463338405,50.451072692871094,-19873895.08117679,-2114976.715586798,23
8407,-1.2580812743381102,-18.660259068135254,-178.53023770786308,4.0,1.0,-1.0,52.358739001363574,50.681297302246094,-19873895.152841408,-2114977.469787239,23
8414,-1.2375364041413377,-18.660271894815484,-178.53023902284394,4.0,1.0,-1.0,52.35872773807387,50.70867919921875,-19873895.299224406,-2114978.9768705084,23
8441,-1.092957820545962,-18.66031037813259,-178.53024295548076,4.0,1.0,-1.0,52.358693872625736,50.90141677856445,-19873895.737003535,-2114983.4985059695,23
8457,-1.2022590612091335,-18.66032961067958,-178.5302449344227,4.0,1.0,-1.0,52.35867690705163,50.75566482543945,-19873895.957298342,-2114985.758253512,23
8463,-1.2472830664064531,-18.6603424352256,-178.53024625050952,4.0,1.0,-1.0,52.35866557902045,50.695621490478516,-19873896.103804458,-2114987.2650866495,23
8492,-1.1017187367515362,-18.66038733115894,-178.53025082459664,4.0,1.0,-1.0,52.35862582665504,50.88966751098633,-19873896.612989508,-2114992.5401810985,23
8502,-1.0610493399972256,-18.66040015825167,-178.53025212991056,4.0,1.0,-1.0,52.358614441855025,50.94388198852539,-19873896.75829639,-2114994.047313976,23
8505,-1.1766203647061957,-18.66040015423396,-178.53025213990617,4.0,1.0,-1.0,52.35861444542206,50.78978729248047,-19873896.759409096,-2114994.0468419115,23
8519,-1.051103067774875,-18.66043222203139,-178.53025539810906,4.0,1.0,-1.0,52.35858593037301,50.957115173339844,-19873897.122110583,-2114997.8146823114,23
8523,-1.0673880107797231,-18.66043222146522,-178.53025539951764,4.0,1.0,-1.0,52.35858593087687,50.935401916503906,-19873897.122267384,-2114997.814615788,23
8527,-1.3291043908216125,-18.66043862489918,-178.53025607546516,4.0,1.0,-1.0,52.35858022780121,50.58644104003906,-19873897.197513517,-2114998.5669942433,23
8528,-1.0562285986557072,-18.66043863438534,-178.5302560518644,4.0,1.0,-1.0,52.35858021935019,50.95027542114258,-19873897.194886293,-2114998.5681088306,23
8549,-1.2076553896326914,-18.660483514090625,-178.5302606336601,4.0,1.0,-1.0,52.358540163471844,50.74833297729492,-19873897.704929456,-2115003.841299539,23
8561,-1.1945847703973413,-18.660502750246177,-178.53026258836195,4.0,1.0,-1.0,52.358522949478356,50.765743255615234,-19873897.92252587,-2115006.1014733803,23
8562,-1.2313832484283012,-18.660502748966923,-178.53026259154467,4.0,1.0,-1.0,52.3585229506225,50.716678619384766,-19873897.92288017,-2115006.1013230723,23
8631,-1.1191159637737655,-18.66063096440565,-178.53027559180163,4.0,1.0,-1.0,52.35840751753494,50.86625289916992,-19873899.370062154,-2115021.166147525,24
8633,-1.252323704808532,-18.66063736918515,-178.53027625273072,4.0,1.0,-1.0,52.358401719529866,50.688636779785156,-19873899.443636443,-2115021.918684958,24
8638,-1.2725267572081975,-18.66064377679439,-178.53027690370226,4.0,1.0,-1.0,52.35839591594231,50.66169357299805,-19873899.516102266,-2115022.6715549035,24
8654,-1.1580540938248305,-18.660669417310856,-178.53027949035882,4.0,1.0,-1.0,52.35837266220915,50.814300537109375,-19873899.80404756,-2115025.6842192723,24
8666,-1.1587362226478035,-18.660688641392476,-178.5302814368709,4.0,1.0,-1.0,52.3583551958709,50.81337356567383,-19873900.020732287,-2115027.942976949,24
8677,-1.1583038762487377,-18.6607142734854,-178.53028403139555,4.0,1.0,-1.0,52.358331865108994,50.813926696777344,-19873900.30955345,-2115030.954652379,24
8686,-0.9791693252027471,-18.66072709329578,-178.5302853126825,4.0,1.0,-1.0,52.35832017815119,51.05276107788086,-19873900.452185664,-2115032.460932511,24
8688,-1.3023647903460187,-18.660727082061374,-178.53028534063478,4.0,1.0,-1.0,52.358320188397556,50.62183380126953,-19873900.455297295,-2115032.459612511,24
8694,-1.3109820045065135,-18.660739895659617,-178.530286638055,4.0,1.0,-1.0,52.35830849502236,50.61033248901367,-19873900.599725455,-2115033.9651628532,24
8701,-1.2323778581785518,-18.660765523867337,-178.53028922403266,4.0,1.0,-1.0,52.35828507107726,50.71511459350586,-19873900.887595173,-2115036.9763826965,24
8708,-1.2616131178615433,-18.6607719268425,-178.53028987446052,4.0,1.0,-1.0,52.35827921126656,50.67612838745117,-19873900.96000047,-2115037.728708722,24
8717,-1.1844940260139083,-18.660784739792742,-178.53029116377502,4.0,1.0,-1.0,52.35826747617284,50.7789421081543,-19873901.1035263,-2115039.2341833264,24
8719,-1.2090988239638136,-18.66078473893746,-178.5302911659031,4.0,1.0,-1.0,52.35826747695501,50.74613571166992,-19873901.1037632,-2115039.2340828343,24
8730,-1.3538848437283377,-18.660803949268445,-178.5302931223216,4.0,1.0,-1.0,52.35824985999716,50.553070068359375,-19873901.321550712,-2115041.491226396,24
8740,-1.2676330976119061,-18.660829569919674,-178.53029570640692,4.0,1.0,-1.0,52.35822632212512,50.66804885864258,-19873901.609209772,-2115044.501559516,24
8746,-1.4183874256677882,-18.660835969599308,-178.53029636739288,4.0,1.0,-1.0,52.35822043515145,50.467037200927734,-19873901.682790395,-2115045.2534986143,24
8757,-1.1844868229686654,-18.660861590155115,-178.53029893835372,4.0,1.0,-1.0,52.35819683695627,50.77888107299805,-19873901.968988445,-2115048.2638210906,24
8763,-1.2202966803879463,-18.66086799173178,-178.53029958926334,4.0,1.0,-1.0,52.358190933144215,50.73112869262695,-19873902.041447375,-2115049.015983225,24
8770,-1.1956843056477737,-18.66088719972534,-178.53030153058415,4.0,1.0,-1.0,52.358173200580495,50.7639274597168,-19873902.25755422,-2115051.2728532557,24
8771,-1.3080967610521839,-18.66088719581806,-178.5303015403061,4.0,1.0,-1.0,52.35817320418937,50.614044189453125,-19873902.258636463,-2115051.2723941635,24
8776,-1.1261627311905613,-18.660893604073472,-178.5303021724001,4.0,1.0,-1.0,52.358167282131035,50.85661697387695,-19873902.32900084,-2115052.0253411396,24
8794,-1.3622073334790912,-18.660944803174086,-178.53030737600884,4.0,1.0,-1.0,52.35811985894543,50.54184341430664,-19873902.908263918,-2115058.0410524504,24
8799,-1.2805591281294255,-18.66095760442277,-178.53030866487796,4.0,1.0,-1.0,52.358107971620484,50.65069580078125,-19873903.051740173,-2115059.545153696,24
8801,-1.3318127562733935,-18.660964001997986,-178.5303093173749,4.0,1.0,-1.0,52.35810202626817,50.58235168457031,-19873903.124375798,-2115060.296846098,24
8806,-1.173019912973814,-18.660976805501694,-178.53031059987808,4.0,1.0,-1.0,52.358090118746986,50.794063568115234,-19873903.2671434,-2115061.8012124714,24
8809,-1.3129023059159408,-18.660983199264678,-178.53031126015242,4.0,1.0,-1.0,52.35808416789769,50.607547760009766,-19873903.340644803,-2115062.552457039,24
8820,-1.1037824454001566,-18.661002398065826,-178.5303131865658,4.0,1.0,-1.0,52.358066280959974,50.886356353759766,-19873903.55509216,-2115064.8082485236,24
8845,-1.2297231536108484,-18.661053567662396,-178.5303183858484,4.0,1.0,-1.0,52.3580184752409,50.718387603759766,-19873904.13387365,-2115070.8204970695,24
8859,-0.8945322430308806,-18.661072765321865,-178.53032030352804,4.0,1.0,-1.0,52.35800048989404,51.16529083251953,-19873904.347348772,-2115073.0761553477,24
8871,-1.173996914908912,-18.66111751387185,-178.53032487253563,4.0,1.0,-1.0,52.35795846182191,50.79262924194336,-19873904.85596837,-2115078.3339554705,24
8872,-1.1867983416827883,-18.661123906397595,-178.53032552323083,4.0,1.0,-1.0,52.357952445892806,50.77555465698242,-19873904.92840343,-2115079.0850552865,24
8874,-1.414896262205275,-18.661123899494353,-178.5303255430598,4.0,1.0,-1.0,52.357952452390236,50.4714241027832,-19873904.93061078,-2115079.084244179,24
8875,-1.2741825677640009,-18.661123903360288,-178.5303255307883,4.0,1.0,-1.0,52.35795244875044,50.65904235839844,-19873904.92924472,-2115079.0846984126,24
8885,-1.086736019003638,-18.66114947909009,-178.5303281138251,4.0,1.0,-1.0,52.357928349638314,50.9089469909668,-19873905.216787066,-2115082.0897590965,24
8892,-1.2457781587595491,-18.661168647657497,-178.53033007800914,4.0,1.0,-1.0,52.35791025619437,50.69687271118164,-19873905.43543903,-2115084.3420004323,24
8901,-1.1976159214927975,-18.66120059980949,-178.53033332650298,4.0,1.0,-1.0,52.35788003603011,50.76105880737305,-19873905.79705971,-2115088.096269952,24
8903,-1.3507264286949976,-18.661200595512707,-178.53033333984652,4.0,1.0,-1.0,52.35788004009919,50.55691146850586,-19873905.798545107,-2115088.095765093,24
8906,-1.2934470711043105,-18.661206985073374,-178.5303339855724,4.0,1.0,-1.0,52.35787398787215,50.633277893066406,-19873905.870426983,-2115088.8465168932,24
8907,-1.1007841015239137,-18.661213379947725,-178.53033461979317,4.0,1.0,-1.0,52.357867927601546,50.89015579223633,-19873905.941028114,-2115089.5978930583,24
8913,-1.0474993903098948,-18.66123893494386,-178.53033722017764,4.0,1.0,-1.0,52.35784367967426,50.961177825927734,-19873906.23050159,-2115092.60051919,24
8915,-0.9270829623087593,-18.661245327925794,-178.53033786142902,4.0,1.0,-1.0,52.35783760615777,51.121726989746094,-19873906.301885366,-2115093.3516731453,24
8930,-1.1574984128501455,-18.661277254113088,-178.53034114095783,4.0,1.0,-1.0,52.35780723031712,50.814476013183594,-19873906.666960843,-2115097.102893594,24
8932,-1.24671771288331,-18.661283637295483,-178.53034180100514,4.0,1.0,-1.0,52.357801148102226,50.69551086425781,-19873906.740436975,-2115097.8528963067,24
8934,-1.206082602926017,-18.661283638707832,-178.53034179749093,4.0,1.0,-1.0,52.357801146756174,50.749691009521484,-19873906.74004578,-2115097.853062254,24
8943,-1.1380829918098243,-18.661321952673,-178.53034570835146,4.0,1.0,-1.0,52.35776457623797,50.8403205871582,-19873907.17540078,-2115102.354826384,24
8953,-1.6916583151628402,-18.66134747013034,-178.53034837026945,4.0,1.0,-1.0,52.357740159963214,50.102195739746094,-19873907.471724134,-2115105.3530437527,24
9043,-1.1658901223627254,-18.661558061603742,-178.53036996452673,4.0,1.0,-1.0,52.35753682574796,50.803016662597656,-19873909.875585858,-2115130.0968669336,25
9064,-1.0850886649382119,-18.661640722783293,-178.5303786011754,4.0,1.0,-1.0,52.35745612071514,50.91067123413086,-19873910.837013192,-2115139.809298996,25
9078,-1.0629144672984694,-18.66168522222981,-178.5303832653763,4.0,1.0,-1.0,52.357412466000824,50.94019317626953,-19873911.35622966,-2115145.037847821,25
9086,-1.1163843679387355,-18.661704289388194,-178.53038527220986,4.0,1.0,-1.0,52.35739371617092,50.86888122558594,-19873911.57962935,-2115147.2781810146,25
9087,-0.9689100752138984,-18.661704294514287,-178.53038525945615,4.0,1.0,-1.0,52.35739371112504,51.065513610839844,-19873911.578209613,-2115147.278783317,25
9113,-0.955063331796282,-18.66176149610799,-178.53039127335896,4.0,1.0,-1.0,52.35733730087486,51.083919525146484,-19873912.24767421,-2115153.9997983426,25
9133,-1.0931834997827536,-18.661825043802317,-178.5303979834007,4.0,1.0,-1.0,52.357274349807994,50.899696350097656,-19873912.99463264,-2115161.4664637437,25
9138,-1.124387790286164,-18.661837753946102,-178.53039932758253,4.0,1.0,-1.0,52.35726172331124,50.85807800292969,-19873913.144266278,-2115162.9598682364,25
9151,-1.1260473326155989,-18.66187588178308,-178.53040335495638,4.0,1.0,-1.0,52.357223775030434,50.85582733154297,-19873913.592591483,-2115167.4397775508,25
9154,-1.1214430238815112,-18.66188859235604,-178.53040469816972,4.0,1.0,-1.0,52.35721110052691,50.86195373535156,-19873913.742117308,-2115168.9332329165,25
9162,-1.3827450590774788,-18.661939425812953,-178.53041010038888,4.0,1.0,-1.0,52.35716029239302,50.51350021362305,-19873914.343489595,-2115174.906017424,25
9165,-1.0262606222249815,-18.661952149642957,-178.530411415761,4.0,1.0,-1.0,52.3571475451281,50.988800048828125,-19873914.48991615,-2115176.401031013,25
9174,-1.0176765758474176,-18.661964861787343,-178.5304127617122,4.0,1.0,-1.0,52.35713479766309,51.0002326965332,-19873914.63974675,-2115177.8946716874,25
9178,-1.071539133711667,-18.66197121597305,-178.53041343989798,4.0,1.0,-1.0,52.357128421364905,50.928409576416016,-19873914.715242047,-2115178.6412704126,25
9188,-1.1737023401619808,-18.662002994395404,-178.5304168181373,4.0,1.0,-1.0,52.357096487728995,50.79216003417969,-19873915.091305926,-2115182.3751449496,25
9195,-1.2914696166471913,-18.662015703826278,-178.53041817687694,4.0,1.0,-1.0,52.35708369540589,50.63512420654297,-19873915.242560133,-2115183.868467244,25
9199,-1.1311903046666885,-18.66202206634877,-178.5304188374586,4.0,1.0,-1.0,52.357077286918866,50.84882354736328,-19873915.316095747,-2115184.6160457376,25
9230,-1.1236190299537157,-18.66213651538184,-178.5304309937053,4.0,1.0,-1.0,52.35696150201511,50.858802795410156,-19873916.669322938,-2115198.063489981,26
9237,-1.1731465523357656,-18.662181039318313,-178.53043573353102,4.0,1.0,-1.0,52.35691619779209,50.792720794677734,-19873917.196957927,-2115203.294931588,26
9239,-1.0536482008369603,-18.662187405164484,-178.53043640000405,4.0,1.0,-1.0,52.35690970845644,50.95204544067383,-19873917.271149363,-2115204.0429013353,26
9247,-1.1988362361712461,-18.662206485664612,-178.53043844330196,4.0,1.0,-1.0,52.35689023994382,50.75844192504883,-19873917.498608246,-2115206.284808782,26
9249,-1.1889522501646752,-18.662212848658836,-178.53043911952926,4.0,1.0,-1.0,52.356883741593265,50.77161407470703,-19873917.573885527,-2115207.032443545,26
9250,-1.0315624976078652,-18.662219217029755,-178.53043978306445,4.0,1.0,-1.0,52.356877234766216,50.98146057128906,-19873917.647749927,-2115207.7807100853,26
9255,-1.0609076735281633,-18.662238306231895,-178.53044181741572,4.0,1.0,-1.0,52.35685771265344,50.94231414794922,-19873917.874212872,-2115210.023640415,26
9265,-0.9912965929438542,-18.66226376494042,-178.5304445211885,4.0,1.0,-1.0,52.35683163483009,51.03510284423828,-19873918.175195485,-2115213.0149711478,26
9274,-1.0910518968194083,-18.66230832065653,-178.53044927387072,4.0,1.0,-1.0,52.356785880736425,50.90205001831055,-19873918.704261646,-2115218.2501507043,26
9296,-0.8891665605383423,-18.662352902170024,-178.53045400255394,4.0,1.0,-1.0,52.356739953846045,51.17118453979492,-19873919.230656255,-2115223.488362763,26
9300,-1.0767253668100238,-18.662365635409387,-178.5304553752383,4.0,1.0,-1.0,52.35672680947391,50.92109298706055,-19873919.383462775,-2115224.98448557,26
9307,-1.1977060792282828,-18.662384741613952,-178.5304574204236,4.0,1.0,-1.0,52.356707063971044,50.759765625,-19873919.611131765,-2115227.2294155792,26
9318,-1.2799979268952484,-18.662410223910847,-178.53046014078487,4.0,1.0,-1.0,52.35668068719497,50.65001678466797,-19873919.913960993,-2115230.2235204666,26
9320,-1.2534190229794149,-18.662410224834947,-178.53046013848615,4.0,1.0,-1.0,52.35668068623818,50.685455322265625,-19873919.913705103,-2115230.2236290467,26
9324,-1.0959319190483257,-18.66241660243908,-178.53046080321587,4.0,1.0,-1.0,52.35667407728579,50.89543151855469,-19873919.987702478,-2115230.9729813365,26
9339,-0.9678084293623215,-18.6624548459358,-178.5304648623305,4.0,1.0,-1.0,52.35663438368101,51.06622314453125,-19873920.43956105,-2115235.4664956657,26
9363,-1.1251985999078897,-18.662550495009327,-178.5304750510001,4.0,1.0,-1.0,52.35653463630297,50.85626983642578,-19873921.57375856,-2115246.7050248063,27
9373,-1.1462943082287893,-18.662588779361617,-178.53047912166576,4.0,1.0,-1.0,52.356494522788125,50.828102111816406,-19873922.026902992,-2115251.2033431134,27
9379,-0.8625007703599294,-18.66261431989775,-178.53048180899674,4.0,1.0,-1.0,52.35646770195126,51.20646667480469,-19873922.326055307,-2115254.204294574,27
9380,-1.1620784907750021,-18.662614310506843,-178.53048183500792,4.0,1.0,-1.0,52.3564677118211,50.807029724121094,-19873922.32895086,-2115254.2031911644,27
9394,-1.0526176551747994,-18.66265900878831,-178.53048656977938,4.0,1.0,-1.0,52.356420657339186,50.95293045043945,-19873922.856023207,-2115259.45513263,27
9405,-0.9747089422194222,-18.662684561316087,-178.53048927308305,4.0,1.0,-1.0,52.35639369175806,51.05678176879883,-19873923.156953596,-2115262.457494323,27
9408,-0.9975476020176757,-18.66270372535799,-178.53049130680202,4.0,1.0,-1.0,52.35637343639792,51.026309967041016,-19873923.383346155,-2115264.709224303,27
9411,-0.9559353247245781,-18.6627165059708,-178.53049265745068,4.0,1.0,-1.0,52.35635991294657,51.08177947998047,-19873923.533699676,-2115266.210916476,27
9427,-1.0677202393439984,-18.662760906912613,-178.53049736701297,4.0,1.0,-1.0,52.35631283784278,50.93268585205078,-19873924.05796575,-2115271.427924383,27
9435,-0.949211119323536,-18.662792986663423,-178.53050075058795,4.0,1.0,-1.0,52.356278735676824,51.09066390991211,-19873924.434623595,-2115275.197221708,27
9447,-1.2378998975864306,-18.662825062856772,-178.53050416731034,4.0,1.0,-1.0,52.356244561528,50.705711364746094,-19873924.814971395,-2115278.966101756,27
9452,-0.9649921030072619,-18.66285074784419,-178.5305068553744,4.0,1.0,-1.0,52.35621714198169,51.06956100463867,-19873925.114205316,-2115281.9840300963,27
9454,-0.9897519727005601,-18.662857166719302,-178.5305075351743,4.0,1.0,-1.0,52.3562102820415,51.03654098510742,-19873925.189880293,-2115282.7382335807,27
9461,-0.9650973909565437,-18.66287642780909,-178.53050956526576,4.0,1.0,-1.0,52.356189679234376,51.069393157958984,-19873925.41586904,-2115285.001368761,27
9471,-0.9639554921513991,-18.662972770909555,-178.5305197101747,4.0,1.0,-1.0,52.356086214876996,51.0708122253418,-19873926.54519514,-2115296.3214725023,28
9474,-0.8767049723396667,-18.66299847681658,-178.53052240302614,4.0,1.0,-1.0,52.35605849339299,51.18711853027344,-19873926.84496199,-2115299.3418614822,28
9475,-1.0667312609516557,-18.66299847021025,-178.53052241946102,4.0,1.0,-1.0,52.35605850052343,50.93375015258789,-19873926.846791513,-2115299.3410852533,28
9477,-0.9016856006110174,-18.66301132723967,-178.53052375435044,4.0,1.0,-1.0,52.35604461713956,51.1537971496582,-19873926.99539072,-2115300.851758824,28
9481,-0.7729917497576935,-18.66305631955209,-178.53052846066666,4.0,1.0,-1.0,52.355995937339685,51.325340270996094,-19873927.519295447,-2115306.1382606034,28
9482,-1.0851322225239528,-18.6630563097256,-178.5305284877653,4.0,1.0,-1.0,52.35599594798441,50.90915298461914,-19873927.522312053,-2115306.137106012,28
9483,-0.9098235334322453,-18.663062743484325,-178.530529145897,4.0,1.0,-1.0,52.35598897475211,51.14289093017578,-19873927.595574938,-2115306.8930592025,28
9484,-0.995674746163786,-18.663069168317463,-178.5305298264508,4.0,1.0,-1.0,52.35598200815002,51.02841567993164,-19873927.671333842,-2115307.6479636827,28
9499,-0.7782367161134971,-18.663223471607587,-178.53054590893453,4.0,1.0,-1.0,52.35581378025745,51.31816482543945,-19873929.46162774,-2115325.7782867285,29
9517,-1.0765316492775128,-18.663294186988193,-178.53055327706724,4.0,1.0,-1.0,52.355736097555564,50.92036056518555,-19873930.281844523,-2115334.08720577,29
9520,-0.7996393904077195,-18.663300626099165,-178.5305539193586,4.0,1.0,-1.0,52.35572900573243,51.28954315185547,-19873930.35334407,-2115334.8437888958,29
9523,-1.035079917706753,-18.663319905998424,-178.53055593715555,4.0,1.0,-1.0,52.3557077532314,50.97560119628906,-19873930.577964198,-2115337.1091400716,29
9530,-0.8384781260092495,-18.6633520580555,-178.53055924487194,4.0,1.0,-1.0,52.355672250694624,51.237701416015625,-19873930.9461775,-2115340.8869456695,29
9531,-0.9406967568856999,-18.663352054502578,-178.53055925371257,4.0,1.0,-1.0,52.35567225462364,51.101409912109375,-19873930.947161637,-2115340.8865282075,29
9533,-1.0674376073534404,-18.66335847885593,-178.53055992895983,4.0,1.0,-1.0,52.35566515168284,50.93241500854492,-19873931.02232982,-2115341.641377604,29
9535,-1.0895418712962055,-18.663358478087595,-178.53055993087168,4.0,1.0,-1.0,52.35566515253231,50.9029426574707,-19873931.022542644,-2115341.6412873254,29
9543,-1.0183157674232461,-18.66339061975844,-178.53056324250798,4.0,1.0,-1.0,52.355629570187375,50.99787521362305,-19873931.391192313,-2115345.4178734175,29
9546,-1.2185513141666888,-18.663409896471123,-178.53056524798765,4.0,1.0,-1.0,52.35560819346574,50.730873107910156,-19873931.614441287,-2115347.6828513797,29
9548,-1.4571295354003269,-18.66341631577702,-178.53056593088908,4.0,1.0,-1.0,52.35560106876619,50.41276168823242,-19873931.690461528,-2115348.437107966,29
9550,-0.9541878050404193,-18.663422760701103,-178.53056654943,4.0,1.0,-1.0,52.355593912579934,51.083343505859375,-19873931.75931719,-2115349.194374669,29
9551,-0.8439218488415463,-18.66343561893519,-178.53056786328713,4.0,1.0,-1.0,52.355579626173494,51.230350494384766,-19873931.905575093,-2115350.7051935634,29
9555,-0.9859552001207703,-18.663448467782892,-178.53056919805545,4.0,1.0,-1.0,52.355565338035376,51.040958404541016,-19873932.054160822,-2115352.2149096937,29
9558,-0.8820149495618352,-18.663461323439314,-178.53057051052215,4.0,1.0,-1.0,52.35555103016122,51.17953109741211,-19873932.200263947,-2115353.725425948,29
9566,-1.0863831230740288,-18.66350629560806,-178.53057514632897,4.0,1.0,-1.0,52.3555008820349,50.90699005126953,-19873932.716319602,-2115359.009574904,29
9570,-0.9912118693691809,-18.66351914819786,-178.53057645546235,4.0,1.0,-1.0,52.35548652284706,51.033870697021484,-19873932.862051666,-2115360.5197313526,29
9572,-0.9340142969012959,-18.663519150185817,-178.53057645051535,4.0,1.0,-1.0,52.355486520624254,51.11013412475586,-19873932.861500967,-2115360.5199649343,29
9579,-1.112075232069401,-18.663564108924803,-178.53058106928822,4.0,1.0,-1.0,52.35543619606324,50.8726692199707,-19873933.375660412,-2115365.8025377197,29
9584,-1.0632903395307949,-18.66358979916224,-178.53058369037993,4.0,1.0,-1.0,52.35540737287374,50.937686920166016,-19873933.667439006,-2115368.821096079,29
9587,-1.3030647231266812,-18.66360263056312,-178.5305850220628,4.0,1.0,-1.0,52.355392958472294,50.61797332763672,-19873933.815681264,-2115370.3287636065,29
9588,-0.8596061530060979,-18.663602645974972,-178.53058498370902,4.0,1.0,-1.0,52.35539294115006,51.209251403808594,-19873933.811411742,-2115370.3305744734,29
9593,-1.322252863164067,-18.663647569768997,-178.53058960562637,4.0,1.0,-1.0,52.35534237956381,50.59233856201172,-19873934.32592123,-2115375.6090438855,29
9594,-1.059012994895511,-18.663647578917395,-178.53058958285936,4.0,1.0,-1.0,52.35534236925196,50.94332504272461,-19873934.323386814,-2115375.610118807,29
9596,-1.2877666790041076,-18.663660408124088,-178.5305909096345,4.0,1.0,-1.0,52.35532790273464,50.6383056640625,-19873934.471082747,-2115377.117529036,29
9597,-1.296959436747784,-18.66366682589914,-178.53059156357205,4.0,1.0,-1.0,52.35532066135056,50.626041412353516,-19873934.54387874,-2115377.8716068636,29
9598,-1.1693349212746398,-18.66366683033444,-178.5305915525341,4.0,1.0,-1.0,52.3553206563447,50.796207427978516,-19873934.542650007,-2115377.8721280023,29
9600,-1.0158953949721763,-18.663666835666824,-178.53059153926367,4.0,1.0,-1.0,52.355320650327485,51.00079345703125,-19873934.541172747,-2115377.8727545496,29
9603,-1.2368553536016407,-18.663673245754946,-178.53059221128146,4.0,1.0,-1.0,52.35531341458409,50.706172943115234,-19873934.615981426,-2115378.625929205,29
9604,-1.2257720371162577,-18.663679663576175,-178.5305928629957,4.0,1.0,-1.0,52.355306167082745,50.720943450927734,-19873934.68852992,-2115379.380012514,29
9605,-1.206357134812606,-18.663679664250886,-178.5305928613166,4.0,1.0,-1.0,52.35530616632241,50.746829986572266,-19873934.688343003,-2115379.3800917915,29
9606,-1.1758815174584925,-18.663679665309953,-178.5305928586809,4.0,1.0,-1.0,52.35530616512369,50.7874641418457,-19873934.6880496,-2115379.38021623,29
9609,-1.802391770693248,-18.66369247644571,-178.53059421741182,4.0,1.0,-1.0,52.35529168872381,49.95210266113281,-19873934.839302834,-2115380.885503438,29
9611,-2.7296521968796696,-18.66369244422109,-178.53059429760836,4.0,1.0,-1.0,52.35529172515271,48.715755462646484,-19873934.848230273,-2115380.881717099,29
9612,-1.3278624903550735,-18.66369249293682,-178.5305941763708,4.0,1.0,-1.0,52.355291670082806,50.584808349609375,-19873934.83473417,-2115380.887441118,29
9613,-1.134202702238781,-18.66369249966699,-178.53059415962164,4.0,1.0,-1.0,52.355291662473974,50.843021392822266,-19873934.832869664,-2115380.8882319015,29
9615,-1.3083677601889576,-18.663698910036015,-178.53059482665532,4.0,1.0,-1.0,52.35528441430142,50.61079406738281,-19873934.90712351,-2115381.6414396754,29
9616,-1.1949224748614142,-18.663698913978468,-178.5305948168438,4.0,1.0,-1.0,52.35528440984126,50.762054443359375,-19873934.9060313,-2115381.6419029064,29
9617,-1.2496512624625211,-18.663705329109252,-178.53059547341113,4.0,1.0,-1.0,52.355277153254065,50.6890754699707,-19873934.97912004,-2115382.3956702077,29
9618,-1.0327942995836565,-18.663705336645503,-178.53059545465575,4.0,1.0,-1.0,52.35527714472482,50.97821807861328,-19873934.9770322,-2115382.3965557064,29
9620,-1.2086310104814402,-18.663730990367576,-178.53059807438765,4.0,1.0,-1.0,52.35524809576236,50.74374008178711,-19873935.26865942,-2115385.410826083,29
9625,-1.353823532547267,-18.663763053151555,-178.53060133751907,4.0,1.0,-1.0,52.35521172137487,50.550113677978516,-19873935.63190955,-2115389.1781513877,29
9626,-1.2043067279619208,-18.663769470795035,-178.53060197401396,4.0,1.0,-1.0,52.355204431634775,50.74946212768555,-19873935.702763833,-2115389.9322142135,29
9630,-2.1535036351533563,-18.66379508377405,-178.53060465153615,4.0,1.0,-1.0,52.35517530789002,49.48383712768555,-19873936.000824243,-2115392.941698485,29
9631,-1.3222534197625464,-18.663795112661013,-178.53060457964375,4.0,1.0,-1.0,52.35517527501543,50.59217071533203,-19873935.992821217,-2115392.9450926576,29
9635,-1.0290307741706783,-18.663814351385767,-178.53060649830059,4.0,1.0,-1.0,52.35515336743265,50.98311233520508,-19873936.206405118,-2115395.205612499,29
9640,-1.1860473053511669,-18.66383357176749,-178.53060845397326,4.0,1.0,-1.0,52.35513145352161,50.77373504638672,-19873936.424109604,-2115397.463977317,29
9642,-1.6514844925195575,-18.66383996371562,-178.53060914118052,4.0,1.0,-1.0,52.35512415978519,50.15314483642578,-19873936.500609167,-2115398.2150212894,29
9645,-0.9267301374643466,-18.663839988901337,-178.53060907849894,4.0,1.0,-1.0,52.3551241310397,51.119483947753906,-19873936.493631486,-2115398.217980573,29
9652,-1.182849851928495,-18.66386560838512,-178.53061168626797,4.0,1.0,-1.0,52.35509486686169,50.77796173095703,-19873936.783927005,-2115401.228230396,29
9653,-1.0437643064583426,-18.66387201927691,-178.53061232009955,4.0,1.0,-1.0,52.35508753637805,50.963401794433594,-19873936.854484815,-2115401.981500361,29
9658,-1.1452459065862968,-18.66390403971544,-178.5306155549609,4.0,1.0,-1.0,52.35505087756428,50.82805633544922,-19873937.21458793,-2115405.7438532747,29
9659,-1.0777917834188884,-18.66391044557357,-178.5306161937074,4.0,1.0,-1.0,52.35504353471151,50.91798782348633,-19873937.28569287,-2115406.4965319657,29
9668,-1.2235505191856646,-18.663942451587307,-178.53061942609233,4.0,1.0,-1.0,52.35500680186669,50.72360610961914,-19873937.645520315,-2115410.2571908385,29
9681,-0.977823982686914,-18.66397445929217,-178.53062261942353,4.0,1.0,-1.0,52.3549699916457,51.051204681396484,-19873938.001000315,-2115414.0180491265,29
9682,-1.1548959497872602,-18.663987250145574,-178.53062391922518,4.0,1.0,-1.0,52.35495526052364,50.815093994140625,-19873938.145693574,-2115415.5209558047,29
9687,-2.4742859044054057,-18.66400639635246,-178.53062595858847,4.0,1.0,-1.0,52.35493318748195,49.055885314941406,-19873938.37271446,-2115417.7706074864,29
9694,-0.9531835082480029,-18.664025637212994,-178.53062775057165,4.0,1.0,-1.0,52.35491097811973,51.08399963378906,-19873938.572197113,-2115420.0313810944,29
9695,-1.1786979269641051,-18.66402562937648,-178.53062777007534,4.0,1.0,-1.0,52.35491098717284,50.7833137512207,-19873938.574368253,-2115420.0304603153,29
9698,-1.0834460699165902,-18.66403202587737,-178.53062840244957,4.0,1.0,-1.0,52.35490359777941,50.910308837890625,-19873938.644763827,-2115420.7820400824,29
9701,-1.6342159120754332,-18.664045184344,-178.53062986431732,4.0,1.0,-1.0,52.354888387324536,50.175933837890625,-19873938.8074982,-2115422.328141308,29
9703,-1.2272985251979662,-18.664051566957408,-178.5306304607377,4.0,1.0,-1.0,52.354881004788695,50.718482971191406,-19873938.873891417,-2115423.0780893997,29
9720,-1.2294316810766759,-18.664108862651762,-178.5306361374928,4.0,1.0,-1.0,52.3548145986133,50.715572357177734,-19873939.5058249,-2115429.810254128,29
9722,-2.018625389456247,-18.664127926014956,-178.53063809502729,4.0,1.0,-1.0,52.35479245042734,49.663291931152344,-19873939.723736644,-2115432.050173402,29
9725,-1.2013262036257402,-18.664153403119375,-178.53064054138594,4.0,1.0,-1.0,52.3547628088545,50.752994537353516,-19873939.996064045,-2115435.043698949,29
9735,-1.5590899736976098,-18.664210628315725,-178.53064622843146,4.0,1.0,-1.0,52.35469605542494,50.275909423828125,-19873940.629143056,-2115441.767584294,29
9736,-1.3819269934765543,-18.664216991499774,-178.53064684093502,4.0,1.0,-1.0,52.354688617848296,50.51211929321289,-19873940.69732664,-2115442.515250194,29
9740,-1.2847413355580102,-18.664236066845625,-178.5306487157375,4.0,1.0,-1.0,52.35466630385599,50.64167785644531,-19873940.9060287,-2115444.7565788445,29
9743,-1.2108787214760923,-18.664255136673102,-178.53065059162307,4.0,1.0,-1.0,52.35464396953648,50.74013900756836,-19873941.114851326,-2115446.997259343,29
9758,-0.9862472030217759,-18.6643441004371,-178.53065934996135,4.0,1.0,-1.0,52.35453942255117,51.03954315185547,-19873942.089825083,-2115457.4503919096,29
9759,-1.071786069783684,-18.664344097464507,-178.5306593573587,4.0,1.0,-1.0,52.354539426052725,50.92549133300781,-19873942.09064855,-2115457.4500426343,29
9761,-1.328800665961353,-18.664363144743454,-178.53066125968286,4.0,1.0,-1.0,52.35451696664313,50.58278274536133,-19873942.30241431,-2115459.688075135,29
9763,-1.235700215763245,-18.66436949965303,-178.53066187830663,4.0,1.0,-1.0,52.35450946737183,50.7069091796875,-19873942.371279195,-2115460.434769469,29
9768,-1.5321571219751604,-18.66440759471296,-178.53066566390393,4.0,1.0,-1.0,52.35446444998706,50.311588287353516,-19873942.792689957,-2115464.9108943804,29
9769,-1.5255654099764797,-18.664413946373504,-178.5306662901376,4.0,1.0,-1.0,52.35445693376096,50.320369720458984,-19873942.86240197,-2115465.6572071514,29
9771,-0.9576039447738367,-18.664433016717993,-178.53066812128375,4.0,1.0,-1.0,52.35443434905392,51.07762908935547,-19873943.066244226,-2115467.897950749,29
9777,-0.95754722458787,-18.66447746111627,-178.53067250951344,4.0,1.0,-1.0,52.35438161032289,51.07765197753906,-19873943.55473972,-2115473.1201175326,29
9780,-1.4512312921442572,-18.66450284037055,-178.5306750610733,4.0,1.0,-1.0,52.35435142948336,50.419376373291016,-19873943.838778064,-2115476.1021519653,29
