,Height,Latitude,Longitude,Conf_land,Conf_ocean,Conf_inlandwater,sea_surface,x,y,labels
2,-5.936491124166878,-18.634291747692888,-178.52066479279827,4.0,1.0,-1.0,52.17717376329347,-19872829.500810985,-2111926.647688572,-1
8,-2.0195000303920096,-18.634375079414223,-178.52067305342067,4.0,1.0,-1.0,52.17681282535341,-19872830.420379262,-2111936.437334915,-1
11,-0.5586642800531081,-18.634400726860388,-178.52067556364864,4.0,1.0,-1.0,52.176701807811696,-19872830.699816562,-2111939.450347295,-1
13,-5.71589578979183,-18.63449679888618,-178.52068594161796,4.0,1.0,-1.0,52.17628624429926,-19872831.855086822,-2111950.7367071547,-1
19,-0.6105986167813171,-18.63458658173868,-178.52069466835135,4.0,1.0,-1.0,52.1758983042273,-19872832.82654234,-2111961.2842325987,-1
28,-6.745628336858772,-18.634708293447108,-178.52070769538673,4.0,1.0,-1.0,52.17537305062615,-19872834.276705287,-2111975.5827105907,-1
33,-0.5165562383781435,-18.634772450025864,-178.5207136584728,4.0,1.0,-1.0,52.17509647905172,-19872834.940512992,-2111983.1197170382,-1
36,-7.002812681610976,-18.63483005766793,-178.5207201515452,4.0,1.0,-1.0,52.174848315471536,-19872835.663318504,-2111989.8873678967,-1
47,-0.6474896353411168,-18.637272005080618,-178.52097484756223,4.0,1.0,-1.0,52.16448223351472,-19872864.015949424,-2112276.765436067,-1
60,-0.7315090827978565,-18.638056280635677,-178.52105468992255,4.0,1.0,-1.0,52.16121656799805,-19872872.90396032,-2112368.9023884367,-1
66,-1.1267071212587325,-18.6381587704958,-178.52106546453228,4.0,1.0,-1.0,52.16079209185409,-19872874.10338439,-2112380.942962629,-1
74,-0.5357253726779163,-18.638274140803606,-178.52107754488333,4.0,1.0,-1.0,52.16031490120076,-19872875.448162917,-2112394.496748727,-1
85,-0.6828512653123653,-18.63840878899972,-178.52109177853444,4.0,1.0,-1.0,52.159758820058414,-19872877.03264571,-2112410.3153265407,-1
92,-0.5730084230208377,-18.638517812180165,-178.52110331625633,4.0,1.0,-1.0,52.15930923484484,-19872878.317019038,-2112423.123466198,-1
112,-0.5041117322020909,-18.63874225971583,-178.5211271449168,4.0,1.0,-1.0,52.15838554853508,-19872880.969613384,-2112449.491787068,-1
163,-0.9186437317107448,-18.6391074576299,-178.52116599051692,4.0,1.0,-1.0,52.15688803306875,-19872885.293885812,-2112492.3956775656,-1
561,-3.220926461446197,-18.648497122548203,-178.5221525711587,4.0,1.0,-1.0,52.12068708449988,-19872995.11954048,-2113595.536493374,-1
581,-1.4772693206464282,-18.648535436847645,-178.52215637804267,4.0,1.0,-1.0,52.12054844559498,-19872995.54332087,-2113600.03795762,-1
693,-0.6182721046848201,-18.64870149071178,-178.52217342953296,4.0,1.0,-1.0,52.119948438570646,-19872997.44148408,-2113619.54727902,-1
767,-0.537503042552089,-18.648829319365873,-178.52218653400124,4.0,1.0,-1.0,52.11948749586372,-19872998.90026682,-2113634.5656133937,-1
882,-1.7340138191702863,-18.649078761795035,-178.5222120983573,4.0,1.0,-1.0,52.1185903860096,-19873001.746077918,-2113663.8721409254,-1
1047,-0.5257735699942714,-18.65021145205831,-178.522327962712,4.0,1.0,-1.0,52.114556054344575,-19873014.644038886,-2113796.950357101,-1
1120,-0.5820288324002831,-18.650741792811118,-178.5223834940969,4.0,1.0,-1.0,52.11268929158905,-19873020.825764377,-2113859.2596655996,-1
1155,-0.510172107588005,-18.65088853175958,-178.5223990869398,4.0,1.0,-1.0,52.11217527756526,-19873022.561551705,-2113876.499941014,-1
1185,-1.6349301062223276,-18.651028851322735,-178.52241414674373,4.0,1.0,-1.0,52.111684762398,-19873024.23800141,-2113892.986020449,-1
1190,-0.7263382568394263,-18.65107350919307,-178.52241882438673,4.0,1.0,-1.0,52.11152885946103,-19873024.758714247,-2113898.232855477,-1
1199,-0.5807722678732716,-18.651111777680164,-178.52242289353754,4.0,1.0,-1.0,52.11139534194626,-19873025.211690042,-2113902.7290055607,-1
1213,-0.6682276782985355,-18.65118193709304,-178.5224303881191,4.0,1.0,-1.0,52.11115074920599,-19873026.045983046,-2113910.972011096,-1
1398,-0.8719018324600256,-18.65272827140395,-178.52259227576502,4.0,1.0,-1.0,52.10582267236532,-19873044.067233354,-2114092.6511679706,-1
1518,-0.6923958421307361,-18.65396100130121,-178.52271887633182,4.0,1.0,-1.0,52.101661253049315,-19873058.160343986,-2114237.4860592796,-1
1528,-0.5052465060989562,-18.6540311030086,-178.52272614182627,4.0,1.0,-1.0,52.10142690071007,-19873058.969135128,-2114245.722423273,-1
1541,-0.5494858645465683,-18.654133046773048,-178.52273675545698,4.0,1.0,-1.0,52.10108654009855,-19873060.150639094,-2114257.699968582,-1
1542,-0.5836893948567194,-18.654133046392623,-178.52273675864956,4.0,1.0,-1.0,52.101086541368204,-19873060.15099449,-2114257.699923885,-1
1567,-0.6127788237067762,-18.654228601522597,-178.5227467247502,4.0,1.0,-1.0,52.10076798483169,-19873061.26041574,-2114268.926864253,-1
1577,-0.5161823128714786,-18.654273192276108,-178.52275137096322,4.0,1.0,-1.0,52.10061948763723,-19873061.777629808,-2114274.165912513,-1
1579,-0.532369981166994,-18.654273192096056,-178.5227513724741,4.0,1.0,-1.0,52.10061948823568,-19873061.777797997,-2114274.16589136,-1
1595,-1.7481833069509776,-18.6543241361837,-178.52275681042838,4.0,1.0,-1.0,52.10044995532917,-19873062.383148298,-2114280.15140602,-1
1603,-0.5406322886292401,-18.654343257708323,-178.5227586954775,4.0,1.0,-1.0,52.10038635594901,-19873062.59299101,-2114282.3980296184,-1
1627,-0.5000849675020618,-18.654451533916465,-178.52277002339923,4.0,1.0,-1.0,52.100026569218244,-19873063.854009487,-2114295.1196080814,-1
1647,-0.6450234477974846,-18.654502486098412,-178.52277537584692,4.0,1.0,-1.0,52.09985746612256,-19873064.44984124,-2114301.106080047,-1
1685,-0.5359737671110452,-18.654617140021724,-178.52278737465207,4.0,1.0,-1.0,52.09947742312397,-19873065.785542116,-2114314.5770013356,-1
1693,-0.5079483709932902,-18.654636247196994,-178.5227893845686,4.0,1.0,-1.0,52.099414152860845,-19873066.009285,-2114316.8219428784,-1
1736,-0.5452001795342767,-18.65480184972485,-178.52280684369015,4.0,1.0,-1.0,52.098866556110806,-19873067.952825524,-2114336.2789369924,-1
1753,-0.5550113625740778,-18.655012114357255,-178.52282901906693,4.0,4.0,-1.0,52.098173261671036,-19873070.421377175,-2114360.9834043593,-1
1760,-0.5756539468493429,-18.655152355224537,-178.52284380120116,4.0,4.0,-1.0,52.097712088230764,-19873072.06691683,-2114377.4606381557,-1
1764,-0.5230217710400211,-18.655260767730176,-178.52285520957932,4.0,4.0,-1.0,52.09735625787107,-19873073.336891677,-2114390.1982912016,-1
1789,-0.5669673057996079,-18.655624612538027,-178.52289339418837,4.0,4.0,-1.0,52.09616636867031,-19873077.587582912,-2114432.947375785,-1
1792,-0.503067525410188,-18.655688501959002,-178.52290006865923,4.0,4.0,-1.0,52.09595811656254,-19873078.33058161,-2114440.4539215555,-1
1810,-0.5548911720279648,-18.655963449564435,-178.52292872096714,4.0,4.0,-1.0,52.095064246623224,-19873081.520141937,-2114472.7583126966,-1
1864,-0.8313055282069399,-18.656604163547712,-178.522994870972,4.0,1.0,-1.0,52.09299599398946,-19873088.883926794,-2114548.037858893,-1
1880,-0.5286834406151684,-18.65680291418552,-178.52301545170118,4.0,4.0,-1.0,52.09235861133129,-19873091.174963083,-2114571.3897681967,-1
1909,-0.9098036336972655,-18.65714915774459,-178.52305156050318,4.0,1.0,-1.0,52.091252969115885,-19873095.19457654,-2114612.0712032937,-1
1911,-0.7153855738401944,-18.657168371224312,-178.52305357551626,4.0,1.0,-1.0,52.09119179213849,-19873095.418886766,-2114614.3286684495,-1
1912,-0.5518838299985873,-18.657168373041817,-178.52305356025565,4.0,4.0,-1.0,52.09119178635228,-19873095.417187963,-2114614.3288819953,-1
1926,-0.7365807022624722,-18.65731564523582,-178.52306919417367,4.0,1.0,-1.0,52.09072347826077,-19873097.157547757,-2114631.632463348,-1
1934,-0.6443854354929499,-18.65740528347884,-178.52307871161986,4.0,1.0,-1.0,52.09043897299125,-19873098.21702502,-2114642.1644155877,-1
1945,-0.5231008339842447,-18.657526926419006,-178.52309164363686,4.0,4.0,-1.0,52.09005353304019,-19873099.656610567,-2114656.456735363,-1
1948,-0.5861630005606457,-18.65757174080006,-178.52309642073917,4.0,4.0,-1.0,52.08991172088099,-19873100.18839516,-2114661.7221603678,0
1959,-0.6150265654541727,-18.657622956404015,-178.5231018767143,4.0,4.0,-1.0,52.089749776074314,-19873100.795751534,-2114667.739692947,0
1964,-0.6586250890049996,-18.65764856185655,-178.52310460719818,4.0,1.0,-1.0,52.08966886053531,-19873101.099707615,-2114670.748183873,0
1970,-0.5958387895193482,-18.65769977895755,-178.52311005410036,4.0,4.0,-1.0,52.08950710876343,-19873101.70605399,-2114676.7658950696,0
1971,-0.685369942053967,-18.65771258190669,-178.523111425441,4.0,1.0,-1.0,52.08946669560646,-19873101.85871093,-2114678.270167343,0
1972,-1.497908214490053,-18.657718975231102,-178.52311218277632,4.0,1.0,-1.0,52.08944651783895,-19873101.943017114,-2114679.0213459264,0
1974,-0.948010829416944,-18.65776379567386,-178.52311690084431,4.0,1.0,-1.0,52.08930511915423,-19873102.468230043,-2114684.2874891046,0
1977,-1.5536574554998879,-18.657789397653442,-178.52311968199325,4.0,1.0,-1.0,52.08922439582602,-19873102.777826123,-2114687.295574475,0
1980,-1.8998293444169576,-18.657815002823735,-178.52312243825165,4.0,1.0,-1.0,52.089143695387975,-19873103.084651403,-2114690.304035189,-1
1981,-0.5689488539624108,-18.65784702779583,-178.5231257177112,4.0,4.0,-1.0,52.08904280788738,-19873103.449719172,-2114694.0667864485,-1
2004,-5.556143594295463,-18.658058252067086,-178.52314860478307,4.0,1.0,-1.0,52.088378684402414,-19873105.99749636,-2114718.8844493674,-1
2011,-0.7329783644927375,-18.658115926771924,-178.52315425244302,4.0,1.0,-1.0,52.088197735502035,-19873106.62619099,-2114725.6609079107,-1
2012,-7.019803904881883,-18.65812226155982,-178.5231555165056,4.0,1.0,-1.0,52.0881778708972,-19873106.76690579,-2114726.4052105607,-1
2013,-6.25152044720744,-18.658135075268238,-178.52315679852575,4.0,1.0,-1.0,52.08813769588596,-19873106.909619622,-2114727.9107507346,-1
2014,-5.915739341627614,-18.65813507874216,-178.5231567671576,4.0,1.0,-1.0,52.08813768499567,-19873106.906127736,-2114727.911158902,-1
2022,-7.249237483963952,-18.658250316678288,-178.52316905482357,4.0,1.0,-1.0,52.087776748638134,-19873108.273984455,-2114741.450986894,-1
2024,-0.7894473235460282,-18.65825678912933,-178.5231691261913,4.0,1.0,-1.0,52.08775649609197,-19873108.281929072,-2114742.2114648065,-1
2026,-7.09829490297534,-18.658282332586918,-178.5231724122447,4.0,1.0,-1.0,52.08767659019759,-19873108.64773086,-2114745.2126828977,1
2027,-7.354103273002238,-18.658295133588847,-178.52317378362505,4.0,1.0,-1.0,52.0876365580134,-19873108.800392225,-2114746.716731549,1
2034,-7.58436065027945,-18.65835275798519,-178.52317986332213,4.0,1.0,-1.0,52.08745645297677,-19873109.477181006,-2114753.4872885747,1
2037,-7.556475825923371,-18.65839117571382,-178.52318389336588,4.0,1.0,-1.0,52.08733647110421,-19873109.925803427,-2114758.0011665956,1
2040,-8.160667060632477,-18.65841666498571,-178.52318669521208,4.0,1.0,-1.0,52.08725690685242,-19873110.237703517,-2114760.996020532,1
2043,-8.019079353986854,-18.658429488998884,-178.5231880151602,4.0,1.0,-1.0,52.08721688930018,-19873110.38463947,-2114762.502774072,-1
2051,-8.388050331001978,-18.658544881265783,-178.5232000231612,4.0,1.0,-1.0,52.086857177582715,-19873111.72136403,-2114776.060758616,-1
2067,-6.128350795477218,-18.658692325747655,-178.52321505161711,4.0,1.0,-1.0,52.086398523608295,-19873113.39432409,-2114793.3847232847,-1
2086,-10.30110873854619,-18.658794794184974,-178.52322600767226,4.0,1.0,-1.0,52.08608041970547,-19873114.61394657,-2114805.4242440066,-1
2088,-1.0211441825126713,-18.65881411125016,-178.5232271196035,4.0,1.0,-1.0,52.08602051076559,-19873114.737726185,-2114807.6939018266,-1
2090,-8.22604297076441,-18.658826844454367,-178.52322911092423,4.0,1.0,-1.0,52.08598103092481,-19873114.959399,-2114809.1899892986,-1
2096,-1.0477304328105674,-18.658890963294954,-178.52323502820855,4.0,1.0,-1.0,52.0857823515762,-19873115.618108075,-2114816.7236323883,-1
2097,-8.630235670338152,-18.65890368768011,-178.52323705280972,4.0,1.0,-1.0,52.08574294822756,-19873115.843485646,-2114818.2186843455,-1
2104,-9.64654346901034,-18.658993291587404,-178.5232463556721,4.0,1.0,-1.0,52.08546570404178,-19873116.87907555,-2114828.7467008717,-1
2105,-8.87820894965489,-18.659006098399647,-178.52324759836858,4.0,1.0,-1.0,52.085426111339984,-19873117.01741189,-2114830.2514385073,-1
2111,-10.587609128125678,-18.65908924637562,-178.52325629694369,4.0,1.0,-1.0,52.08516925701588,-19873117.985732842,-2114840.020920705,-1
2119,-9.545254443199156,-18.659217113865108,-178.52326932413789,4.0,1.0,-1.0,52.08477493671671,-19873119.435913466,-2114855.04473727,-1
2135,-11.878829025883078,-18.659415023227414,-178.52328987577536,4.0,0.0,-1.0,52.08416624023994,-19873121.723711286,-2114878.2981601846,-1
2138,-8.860155929615757,-18.65949796642186,-178.52329812455736,4.0,1.0,-1.0,52.083911722886114,-19873122.641961496,-2114888.0436050324,-1
2208,-4.934782924179672,-18.660330036437855,-178.52338444331974,4.0,1.0,-1.0,52.081377588277974,-19873132.25092217,-2114985.808278414,-1
2209,-4.334457325212952,-18.660330042853982,-178.52338438726048,4.0,1.0,-1.0,52.081377568871176,-19873132.244681682,-2114985.8090322847,-1
2230,-7.686725079963253,-18.66051382191787,-178.5234040680683,4.0,1.0,-1.0,52.08082254721012,-19873134.435539186,-2115007.402352078,-1
2237,-7.4254733890193165,-18.660570883442645,-178.5234100649704,4.0,1.0,-1.0,52.0806505640212,-19873135.103111275,-2115014.106862378,-1
2239,-7.083998723460809,-18.660621614091873,-178.52341538925756,4.0,1.0,-1.0,52.08049779949397,-19873135.69580821,-2115020.0675209775,-1
2241,-0.8497351418814105,-18.660628022644122,-178.52341547690065,4.0,1.0,-1.0,52.08047851070842,-19873135.705564592,-2115020.820501653,-1
2244,-6.91396522702189,-18.660653324298256,-178.5234187227253,4.0,1.0,-1.0,52.08040237667046,-19873136.066888142,-2115023.793350691,-1
2248,-6.877881996137603,-18.660672351627063,-178.5234207296071,4.0,1.0,-1.0,52.08034514361316,-19873136.2902932,-2115026.028990434,-1
2251,-5.35526557550611,-18.66067870918988,-178.5234212574649,4.0,1.0,-1.0,52.08032602450294,-19873136.34905406,-2115026.7759802667,2
2254,-5.48995969663747,-18.66071676804513,-178.52342529234144,4.0,1.0,-1.0,52.08021161252509,-19873136.798214465,-2115031.247753879,2
2255,-7.243603736449586,-18.660723092851548,-178.5234261266139,4.0,1.0,-1.0,52.0801926060376,-19873136.891085252,-2115031.9908951516,-1
2256,-5.964457519079133,-18.660729450794417,-178.52342667777998,4.0,1.0,-1.0,52.080173502001344,-19873136.95244078,-2115032.737929863,2
2257,-6.006643323283697,-18.660742139128672,-178.5234280230653,4.0,1.0,-1.0,52.080135382786466,-19873137.102197252,-2115034.228762171,2
2258,-6.0917387427448375,-18.66074848276365,-178.523428701743,4.0,1.0,-1.0,52.080116327810174,-19873137.177747313,-2115034.974115841,2
2263,-5.7574940956978935,-18.66078655972849,-178.52343269611455,4.0,1.0,-1.0,52.08000199494745,-19873137.62239872,-2115039.4480191036,2
2266,-5.657086573553443,-18.660811947096857,-178.5234353713675,4.0,1.0,-1.0,52.07992580534665,-19873137.920206513,-2115042.4309420297,2
2269,-4.113524647356371,-18.660824658121502,-178.52343656981367,4.0,1.0,-1.0,52.079887670677635,-19873138.05361693,-2115043.924441102,-1
2271,-5.214131785729933,-18.660869084533466,-178.52344137302944,4.0,1.0,-1.0,52.07975444965814,-19873138.588308465,-2115049.1443834775,2
2273,-1.053672229852964,-18.66088182850241,-178.5234423279438,4.0,1.0,-1.0,52.07971625275968,-19873138.694609046,-2115050.64175389,-1
2275,-4.505599606478427,-18.66090083931363,-178.5234446653998,4.0,1.0,-1.0,52.07965928772319,-19873138.954813458,-2115052.8754558866,-1
2280,-4.449812791433487,-18.660945299655324,-178.52344936410924,4.0,1.0,-1.0,52.079526135241395,-19873139.4778714,-2115058.099387229,3
2284,-4.804205301416005,-18.660996086145726,-178.52345478267517,4.0,1.0,-1.0,52.07937415839842,-19873140.0810634,-2115064.0666201254,3
2285,-4.419306274677638,-18.661015168650398,-178.52345676162136,4.0,1.0,-1.0,52.07931708816068,-19873140.30135868,-2115066.3087473535,3
2287,-5.326242031256697,-18.661021518720283,-178.52345751798677,4.0,1.0,-1.0,52.07929810100177,-19873140.385556895,-2115067.054858304,3
2288,-5.072809751641671,-18.661021521284283,-178.52345749430575,4.0,1.0,-1.0,52.07929809333473,-19873140.382920735,-2115067.0551595665,3
2309,-5.931292868079709,-18.661212443894886,-178.52347774004312,4.0,1.0,-1.0,52.0787281677749,-19873142.636665907,-2115089.487910005,-1
2314,-5.518997530788965,-18.661295270906006,-178.52348644844574,4.0,1.0,-1.0,52.07848148961966,-19873143.606080856,-2115099.2198069408,-1
2317,-5.137852630290126,-18.661339890735448,-178.52349112432944,4.0,1.0,-1.0,52.07834874427681,-19873144.126597848,-2115104.4624897167,-1
2319,-1.4726506632291603,-18.661359056765527,-178.52349280176085,4.0,1.0,-1.0,52.07829175548068,-19873144.313328657,-2115106.7144354526,-1
2324,-0.699233811470549,-18.661403704873802,-178.52349744300597,4.0,1.0,-1.0,52.07815906918404,-19873144.8299897,-2115111.960442872,-1
2329,-5.268159917851335,-18.661473832620487,-178.5235052785896,4.0,1.0,-1.0,52.07795086418264,-19873145.70224288,-2115120.200227667,4
2330,-5.303276114400433,-18.661473832229618,-178.52350528186722,4.0,1.0,-1.0,52.077950865343155,-19873145.702607743,-2115120.200181742,4
2332,-5.393332640430799,-18.66148021280661,-178.52350596394479,4.0,1.0,-1.0,52.07793193406724,-19873145.77853627,-2115120.949879197,4
2335,-5.707290618821844,-18.66152488833384,-178.52351070945647,4.0,1.0,-1.0,52.07779943837704,-19873146.306804217,-2115126.1991120004,4
2336,-5.72530659229642,-18.661531272048236,-178.52351138495828,4.0,1.0,-1.0,52.077780514175174,-19873146.382000733,-2115126.9491783166,4
2337,-5.8376618273155145,-18.66153127079756,-178.5235113954457,4.0,1.0,-1.0,52.077780517882275,-19873146.383168187,-2115126.949031365,4
2339,-5.650250627330024,-18.661537656849486,-178.523512051765,4.0,1.0,-1.0,52.07776158880006,-19873146.456229318,-2115127.69937236,4
2344,-5.907179308772356,-18.66155042161282,-178.52351342329905,4.0,1.0,-1.0,52.07772375853892,-19873146.60890779,-2115129.1991919493,4
2348,-5.931155751229653,-18.661607896721375,-178.52351949106406,4.0,1.0,-1.0,52.077553524019095,-19873147.284368303,-2115135.9523380282,4
2349,-6.425374713047404,-18.661614278821144,-178.5235202112238,4.0,1.0,-1.0,52.077534631231174,-19873147.364536118,-2115136.702214997,4
2351,-5.890603984175414,-18.661627060568833,-178.5235215093803,4.0,1.0,-1.0,52.07749679986409,-19873147.509046238,-2115138.2040308705,4
2352,-6.1881363267602865,-18.661639834152158,-178.5235228852811,4.0,1.0,-1.0,52.07745900086593,-19873147.662210815,-2115139.70488757,4
2354,-6.1201815637687105,-18.661652613610197,-178.5235242271945,4.0,1.0,-1.0,52.07742119269096,-19873147.81159193,-2115141.2064346448,4
2358,-6.07174864698527,-18.661716520878226,-178.52353096437332,4.0,1.0,-1.0,52.07723224545953,-19873148.561571244,-2115148.715344074,4
2361,-6.453326712272883,-18.66174208643586,-178.523533696943,4.0,1.0,-1.0,52.07715671621736,-19873148.86575951,-2115151.7192200557,4
2364,-6.282069023319309,-18.66175487474108,-178.52353502948546,4.0,1.0,-1.0,52.07711894759632,-19873149.01409746,-2115153.221807553,4
2369,-6.576437712669758,-18.661793234756164,-178.52353910253996,4.0,1.0,-1.0,52.07700570551606,-19873149.46750781,-2115157.728994918,4
2371,-6.583098476545274,-18.66180602576025,-178.5235404518874,4.0,1.0,-1.0,52.076967961809714,-19873149.617716484,-2115159.2318999763,4
2372,-6.593950336859052,-18.661806025639454,-178.5235404529004,4.0,1.0,-1.0,52.076967962166236,-19873149.61782925,-2115159.2318857824,4
2373,-6.254979343690593,-18.66181242507555,-178.52354109560721,4.0,1.0,-1.0,52.07694908178928,-19873149.689375043,-2115159.9838005933,4
2378,-6.512598563169831,-18.661863595776087,-178.52354651460112,4.0,1.0,-1.0,52.0767981859517,-19873150.292614684,-2115165.9962075567,4
2382,-6.29949036561311,-18.661895588513318,-178.52354986662428,4.0,1.0,-1.0,52.07670391033571,-19873150.665760197,-2115169.755261104,4
2386,-6.367941191227601,-18.661927583918565,-178.52355324502105,4.0,1.0,-1.0,52.07660967830998,-19873151.041841604,-2115173.5146288425,4
2387,-6.306832600551843,-18.661927584598722,-178.523553239317,4.0,1.0,-1.0,52.07660967630545,-19873151.041206636,-2115173.514708759,4
2391,-3.7115394150964676,-18.66195961483916,-178.5235563690889,4.0,1.0,-1.0,52.07651539322433,-19873151.389611248,-2115177.278170242,-1
2393,-6.923693105457005,-18.661965980869006,-178.52355734341606,4.0,1.0,-1.0,52.07649666054749,-19873151.498072848,-2115178.026160596,4
2396,-6.136961512666858,-18.662004396904486,-178.52356131614783,4.0,1.0,-1.0,52.07638366076935,-19873151.94031533,-2115182.539935807,4
2397,-6.3849092116251995,-18.662004394144844,-178.52356133929234,4.0,1.0,-1.0,52.07638366888568,-19873151.94289176,-2115182.539611555,4
2402,-6.437493280926901,-18.66204921411864,-178.52356606497221,4.0,1.0,-1.0,52.07625192583873,-19873152.46895204,-2115187.80583265,4
2407,-6.609934042203804,-18.66208763710626,-178.52357012730488,4.0,1.0,-1.0,52.076139066362884,-19873152.921168845,-2115192.3204269344,4
2410,-6.618703481776265,-18.66210044635653,-178.5235714767899,4.0,1.0,-1.0,52.0761014583677,-19873153.071392827,-2115193.825478475,4
2412,-6.611529486127893,-18.66214528492086,-178.52357619630013,4.0,1.0,-1.0,52.07596987717443,-19873153.596766304,-2115199.0938868877,4
2415,-7.1523809942204934,-18.662170904136616,-178.52357894383405,4.0,1.0,-1.0,52.07589474156157,-19873153.902620383,-2115202.104075143,4
2418,-6.517245983795874,-18.66219013109848,-178.52358090717556,4.0,1.0,-1.0,52.07583837471611,-19873154.12117856,-2115204.3631912335,4
2419,-6.867859302236411,-18.66220934717938,-178.52358296231154,4.0,1.0,-1.0,52.0757820583367,-19873154.34995525,-2115206.6210290934,4
2420,-5.436950111569786,-18.66220936259025,-178.52358282869267,4.0,1.0,-1.0,52.07578201318029,-19873154.335080866,-2115206.622839829,-1
2422,-7.074820730885676,-18.662228536600487,-178.52358498503534,4.0,1.0,-1.0,52.07572583860929,-19873154.575123835,-2115208.875734755,4
2427,-6.5389608339019105,-18.662260593398305,-178.52358831171267,4.0,1.0,-1.0,52.07563196229239,-19873154.945447862,-2115212.6423233356,4
2431,-7.409657606970995,-18.66230546007089,-178.52359311979254,4.0,1.0,-1.0,52.07550065979922,-19873155.48068086,-2115217.914039366,4
2432,-6.522591938327878,-18.66231188070699,-178.5235937121244,4.0,1.0,-1.0,52.07548187805696,-19873155.546618946,-2115218.668447337,4
2435,-6.505509011082722,-18.662318292033568,-178.5235943856725,4.0,1.0,-1.0,52.07546312561681,-19873155.621597975,-2115219.4217614904,4
2437,-6.595211150619434,-18.662331114324573,-178.5235957443503,4.0,1.0,-1.0,52.075425627990626,-19873155.772845298,-2115220.928347332,4
2439,-6.579280974449375,-18.662331114501836,-178.52359574286328,4.0,1.0,-1.0,52.075425627472214,-19873155.77267976,-2115220.928368161,4
2440,-7.305297528094798,-18.662343929577915,-178.5235971608077,4.0,1.0,-1.0,52.07538815920452,-19873155.93052461,-2115222.4341063807,4
2442,-6.557380334555091,-18.66234393789983,-178.52359709099295,4.0,1.0,-1.0,52.07538813487554,-19873155.922752872,-2115222.435084184,4
2445,-6.635673734724605,-18.662382409177,-178.52360114837984,4.0,1.0,-1.0,52.07527570350976,-19873156.374419115,-2115226.9553602086,4
2448,-6.661162845050967,-18.662388820941057,-178.52360182566593,4.0,1.0,-1.0,52.07525697251913,-19873156.449814256,-2115227.7087260797,4
2451,-6.565032987797622,-18.66240164654755,-178.52360316645735,4.0,1.0,-1.0,52.07521951066701,-19873156.59907047,-2115229.215702107,4
2452,-6.512310316109051,-18.662408059362363,-178.52360383636704,4.0,1.0,-1.0,52.07520078280686,-19873156.67364448,-2115229.969191525,4
2454,-6.624924101812667,-18.662433706502398,-178.52360654581497,4.0,1.0,-1.0,52.07512590406077,-19873156.975258842,-2115232.9826654773,4
2456,-6.532802289226765,-18.662440120054768,-178.52360721191206,4.0,1.0,-1.0,52.07510718438243,-19873157.049408432,-2115233.7362416973,4
2461,-6.651189917186912,-18.662472183563363,-178.5236105961639,4.0,1.0,-1.0,52.07501362941002,-19873157.426141623,-2115237.503623476,4
2462,-6.809679148338546,-18.662472181800116,-178.52361061095834,4.0,1.0,-1.0,52.075013634552306,-19873157.427788533,-2115237.503416298,4
2464,-6.532546707235269,-18.66248501073083,-178.52361193411852,4.0,1.0,-1.0,52.07497621674338,-19873157.57508205,-2115239.010783655,4
2468,-6.635524068286941,-18.662497835562963,-178.5236132926327,4.0,1.0,-1.0,52.07493881915798,-19873157.726311155,-2115240.517669554,4
2475,-4.2300900861041555,-18.662555580395136,-178.5236191364841,4.0,1.0,-1.0,52.07477053594812,-19873158.376845717,-2115247.302545215,-1
2480,-6.354257731972666,-18.662638926957655,-178.5236280947544,4.0,1.0,-1.0,52.07452793828452,-19873159.374075808,-2115257.095565254,-1
2488,-0.5718744320720361,-18.662728770484637,-178.52363698084588,4.0,4.0,-1.0,52.074266820887715,-19873160.363270987,-2115267.6519683325,-1
2491,-9.07821827691896,-18.662760741013532,-178.52364113939183,4.0,1.0,-1.0,52.07417400097984,-19873160.826198205,-2115271.4084316194,-1
2493,-6.589156862740765,-18.662760767927395,-178.52364090696872,4.0,1.0,-1.0,52.07417392286334,-19873160.800324984,-2115271.411593938,5
2495,-6.937793241085728,-18.662773588411035,-178.52364228484626,4.0,1.0,-1.0,52.07413671565337,-19873160.95370961,-2115272.917971348,5
2496,-6.555575221407707,-18.662780004861553,-178.52364292177222,4.0,1.0,-1.0,52.07411809713085,-19873161.02461188,-2115273.671889603,5
2500,-6.550610263429007,-18.66281206483204,-178.5236462835745,4.0,1.0,-1.0,52.074025100180734,-19873161.398845997,-2115277.4388632113,5
2501,-6.495427212196773,-18.662818477198215,-178.5236469507227,4.0,1.0,-1.0,52.0740065059108,-19873161.473112598,-2115278.1923017367,5
2502,-6.455868209769051,-18.66282488913762,-178.52364761925935,4.0,1.0,-1.0,52.073987914945974,-19873161.547533754,-2115278.945690147,5
2510,-4.000549947724721,-18.66297235419576,-178.52366283646612,4.0,1.0,-1.0,52.073560920696764,-19873163.241505466,-2115296.272509528,-1
2511,-6.97995597312638,-18.663010774224325,-178.52366713931704,4.0,1.0,-1.0,52.07344985259624,-19873163.720496636,-2115300.7867806973,-1
2513,-7.269423253545028,-18.66301717964076,-178.52366783694845,4.0,1.0,-1.0,52.07343134245457,-19873163.79815661,-2115301.5394035256,-1
2514,-7.5350341556145395,-18.66304921651377,-178.5236712137902,4.0,1.0,-1.0,52.073338794400115,-19873164.17406492,-2115305.3036684953,-1
2662,-2.513893908814225,-18.66721963842331,-178.52410677593633,4.0,1.0,-1.0,52.061731744548524,-19873212.660621233,-2115795.3255121256,6
2663,-2.501976557246053,-18.667251574567906,-178.52411010007026,4.0,1.0,-1.0,52.06164623322911,-19873213.030662127,-2115799.0780346915,6
2667,-2.4342007643058423,-18.667296280043136,-178.52411474994267,4.0,1.0,-1.0,52.06152661721899,-19873213.54828356,-2115804.330965022,6
2669,-2.6968584780829588,-18.667302663219214,-178.5241154397459,4.0,1.0,-1.0,52.06150954629811,-19873213.625072103,-2115805.0809936062,6
2671,-2.4928580613732265,-18.66734735031274,-178.52412002205924,4.0,1.0,-1.0,52.06139009420076,-19873214.13517289,-2115810.331765651,6
2672,-2.387244904968611,-18.667353737704495,-178.52412068154698,4.0,1.0,-1.0,52.06137302840216,-19873214.20858673,-2115811.082289807,6
2673,-2.34193353236833,-18.66736012431436,-178.52412134669183,4.0,1.0,-1.0,52.06135596674176,-19873214.282630313,-2115811.8327221186,6
2678,-2.433415256452008,-18.6673984375597,-178.5241253720335,4.0,1.0,-1.0,52.0612536569588,-19873214.730729297,-2115816.334562944,6
2682,-2.1355265420806973,-18.667462286303056,-178.5241320404467,4.0,1.0,-1.0,52.06108332238364,-19873215.47305366,-2115823.836850038,6
2683,-2.0743764685516908,-18.667538887762536,-178.52414007257275,4.0,1.0,-1.0,52.060879236714754,-19873216.367185842,-2115832.837596939,-1
2686,-2.1270929211409566,-18.667570798668784,-178.52414342699726,4.0,1.0,-1.0,52.06079430501086,-19873216.74059867,-2115836.587161036,-1
2687,-2.11098979337703,-18.667577180623514,-178.52414409539756,4.0,1.0,-1.0,52.060777325414165,-19873216.815004654,-2115837.3370473245,-1
2689,-1.9853618978622762,-18.66767927387376,-178.52415480236414,4.0,1.0,-1.0,52.06050597815556,-19873218.00689872,-2115849.333113764,7
2691,-2.157174351460526,-18.66771116979561,-178.52415816789468,4.0,1.0,-1.0,52.06042131138747,-19873218.381547865,-2115853.0809202828,7
2694,-2.1010241616390886,-18.667768577849653,-178.524164191054,4.0,1.0,-1.0,52.06026905227009,-19873219.052042898,-2115859.8264326677,7
2695,-2.006440367239975,-18.667774956634,-178.52416485195795,4.0,1.0,-1.0,52.060252144519836,-19873219.125614386,-2115860.575947304,7
2696,-2.1676308004389284,-18.667787710148897,-178.52416620645025,4.0,1.0,-1.0,52.06021834589774,-19873219.27639578,-2115862.074500341,7
2698,-2.0132495896327782,-18.66781959865789,-178.52416954043534,4.0,1.0,-1.0,52.06013387260282,-19873219.6475333,-2115865.821438238,7
2700,-2.1717197748125727,-18.66788973274591,-178.52417691951416,4.0,1.0,-1.0,52.059948265830826,-19873220.4689686,-2115874.0622798307,7
2701,-2.0839600177669126,-18.66790886000228,-178.52417891937023,4.0,1.0,-1.0,52.05989768929794,-19873220.691591557,-2115876.3097565677,-1
2703,-0.8950301968288841,-18.667940746648178,-178.52418215446784,4.0,1.0,-1.0,52.05981341510778,-19873221.051720977,-2115880.056478224,-1
2704,-2.455981463626813,-18.66794072954712,-178.52418230021192,4.0,1.0,-1.0,52.05981346029148,-19873221.067945134,-2115880.054468827,-1
2705,-0.8890242166658027,-18.667959869196775,-178.5241841612081,4.0,1.0,-1.0,52.0597629000531,-19873221.275110282,-2115882.3034024676,-1
2706,-0.8100633421759085,-18.667972618295742,-178.5241854919433,4.0,1.0,-1.0,52.05972923162517,-19873221.423247047,-2115883.8014382604,-1
2709,-0.8462253563457125,-18.66801085816823,-178.52418950872405,4.0,1.0,-1.0,52.059628294951835,-19873221.870393034,-2115888.2946739374,-1
2714,-0.6751320745088378,-18.668144666258424,-178.5242035295887,4.0,1.0,-1.0,52.05927567820254,-19873223.431188546,-2115904.0173097732,-1
2718,-0.7911610856990592,-18.66820836522412,-178.52421021866522,4.0,1.0,-1.0,52.05910813216906,-19873224.17581314,-2115911.502030786,8
2719,-0.9489253645188,-18.66821473320387,-178.52421090102055,4.0,1.0,-1.0,52.05909139382129,-19873224.251772586,-2115912.250277813,8
2724,-0.9097619104168189,-18.668291158749785,-178.52421890522027,4.0,1.0,-1.0,52.05889066693271,-19873225.14279602,-2115921.230394535,8
2725,-1.1485779098547937,-18.66830389020783,-178.52422026134738,4.0,1.0,-1.0,52.05885725708504,-19873225.293759402,-2115922.7263604184,8
2727,-0.6538487244083626,-18.66831026343776,-178.5242208821015,4.0,1.0,-1.0,52.058840535539275,-19873225.362861436,-2115923.475224771,8
2729,-0.8303637918006643,-18.668335732746748,-178.52422356603324,4.0,1.0,-1.0,52.05877373167823,-19873225.66163535,-2115926.4679081636,8
2733,-0.7248739536021276,-18.668393038096767,-178.52422955535448,4.0,1.0,-1.0,52.05862354376768,-19873226.32836354,-2115933.2013775026,8
2735,-1.1337168483946698,-18.668463063002395,-178.52423692120973,4.0,1.0,-1.0,52.05844024406724,-19873227.1483268,-2115941.4294178514,8
2736,-0.9328862925972317,-18.668469431670395,-178.5242375684287,4.0,1.0,-1.0,52.05842358544214,-19873227.220374882,-2115942.1777468696,8
2739,-1.4038718566916941,-18.66853307968157,-178.52424426912697,4.0,1.0,-1.0,52.05825721232395,-19873227.9662932,-2115949.6564949723,-1
2748,-0.7356312397891998,-18.66908657727122,-178.52430172387446,4.0,1.0,-1.0,52.05681897849172,-19873234.362126436,-2116014.6935087596,-1
2753,-1.011399921638258,-18.66937944602573,-178.52433228095825,4.0,1.0,-1.0,52.05606420419281,-19873237.763725445,-2116049.1062272866,-1
2754,-0.8492771917176469,-18.669379447830647,-178.52433226582406,4.0,1.0,-1.0,52.056064199552566,-19873237.762040712,-2116049.106439369,-1
2758,-1.0041749170736693,-18.669430420043764,-178.52433762045777,4.0,1.0,-1.0,52.05593327566203,-19873238.358115815,-2116055.09579185,-1
2760,-1.1336218679216472,-18.66947503357994,-178.5243423138699,4.0,1.0,-1.0,52.05581879142483,-19873238.88058406,-2116060.3379866146,-1
2762,-2.7980162977810323,-18.669519642612613,-178.52434715897013,4.0,1.0,-1.0,52.05570441876989,-19873239.41993815,-2116065.5796535895,9
2763,-1.5622681242030012,-18.669526032106354,-178.52434771420135,4.0,1.0,-1.0,52.05568804499853,-19873239.481746208,-2116066.330434348,9
2765,-2.1234836137055026,-18.669570666216536,-178.52435246597878,4.0,1.0,-1.0,52.0555737224895,-19873240.01071165,-2116071.575049565,9
2766,-1.625792753038695,-18.669583428109263,-178.52435376376488,4.0,1.0,-1.0,52.05554105353076,-19873240.15518054,-2116073.074602886,9
2767,-1.6535578570483267,-18.66961532124588,-178.52435712991078,4.0,1.0,-1.0,52.0554594466048,-19873240.529898185,-2116076.8221242167,9
2768,-1.736901523999677,-18.669621699996732,-178.52435781096537,4.0,1.0,-1.0,52.05544313103928,-19873240.60571284,-2116077.571643083,9
2769,-1.7048286622848536,-18.66962808052274,-178.5243584814511,4.0,1.0,-1.0,52.05542681297811,-19873240.680350967,-2116078.321370561,9
2770,-0.7944737250591061,-18.669653613854404,-178.52436109219394,4.0,1.0,-1.0,52.05536153250068,-19873240.97097753,-2116081.321600033,9
2773,-1.5396697968685658,-18.669679132712684,-178.52436386036973,4.0,1.0,-1.0,52.055296321768765,-19873241.27912945,-2116084.3201292986,9
2775,-1.9518461916313754,-18.66972381062318,-178.52436862842896,4.0,1.0,-1.0,52.05518223093168,-19873241.809907373,-2116089.5698959003,9
2779,-0.6373759943021469,-18.66976213467264,-178.52437256674364,4.0,1.0,-1.0,52.05508444544648,-19873242.24831856,-2116094.0730689866,10
2780,-0.9900247083687645,-18.669794062226863,-178.5243759888127,4.0,1.0,-1.0,52.055003037265124,-19873242.629261546,-2116097.8246384235,10
2781,-0.6369422324037259,-18.66980045310329,-178.52437663420818,4.0,1.0,-1.0,52.05498674810406,-19873242.70110664,-2116098.5755828656,10
2782,-0.5765264053034116,-18.669845168910136,-178.52438138199324,4.0,4.0,-1.0,52.05487283321054,-19873243.229627658,-2116103.829806142,10
2783,-0.8024261817531624,-18.669902585542406,-178.5243874133982,4.0,1.0,-1.0,52.05472670994823,-19873243.901040584,-2116110.576411379,10
2784,-0.6666454704704847,-18.669921783801083,-178.52438947064545,4.0,1.0,-1.0,52.05467788803617,-19873244.130052302,-2116112.832257754,10
2786,-0.8026033867427032,-18.669928181647162,-178.52439017364387,4.0,1.0,-1.0,52.05466162218363,-19873244.20830973,-2116113.584021714,10
2787,-0.9026161681013036,-18.669928180533557,-178.52439018298048,4.0,1.0,-1.0,52.05466162501398,-19873244.209349073,-2116113.5838908623,10
2790,-0.7580165776544163,-18.67005621777197,-178.52440400675113,4.0,1.0,-1.0,52.05433653631917,-19873245.748204183,-2116128.628613475,-1
2792,-0.8190306803239764,-18.670081836261687,-178.52440678617242,4.0,1.0,-1.0,52.05427158947168,-19873246.057607945,-2116131.638856831,-1
2793,-1.2131229668211745,-18.670101048327556,-178.52440890433488,4.0,1.0,-1.0,52.05422290554998,-19873246.293400712,-2116133.896327974,-1
2796,-0.9767816767998738,-18.67013308147316,-178.5244123529934,4.0,1.0,-1.0,52.05414177390048,-19873246.677303623,-2116137.6603121934,-1
2798,-0.6881001853453199,-18.67022279777474,-178.52442205408025,4.0,1.0,-1.0,52.0539148202879,-19873247.757223673,-2116148.202232389,-1
2806,-0.8751533962981739,-18.670306127138524,-178.52443111208336,4.0,1.0,-1.0,52.0537043859822,-19873248.765555967,-2116157.9936742564,-1
2808,-1.0354716217484565,-18.67032535945433,-178.52443321373778,4.0,1.0,-1.0,52.05365586757216,-19873248.999511067,-2116160.253527812,-1
2809,-1.1913509151891049,-18.670331769439755,-178.52443392386027,4.0,1.0,-1.0,52.05363970088365,-19873249.07856154,-2116161.0067199706,-1
2810,-0.9936649869541725,-18.670338183211488,-178.5244346009439,4.0,1.0,-1.0,52.053623526713636,-19873249.153934143,-2116161.7603570605,-1
2815,-0.969097211195276,-18.67042154683551,-178.524443639189,4.0,1.0,-1.0,52.05341348943875,-19873250.160066985,-2116171.5558312694,-1
2819,-1.2518675236779018,-18.670466438735776,-178.52444853093536,4.0,1.0,-1.0,52.053300527582905,-19873250.7046137,-2116176.830765305,11
2821,-0.8161778112748834,-18.670511340105413,-178.52445335231258,4.0,1.0,-1.0,52.05318764322328,-19873251.241326958,-2116182.106813415,11
2822,-1.1593886478299282,-18.67054340810937,-178.52445685499154,4.0,1.0,-1.0,52.05310708463912,-19873251.631243397,-2116185.8749027066,11
2823,-0.9069787092994375,-18.670562654436804,-178.52445891268772,4.0,1.0,-1.0,52.05305876042985,-19873251.860305086,-2116188.136405836,11
2824,-0.6630386719511989,-18.67056907188244,-178.5244595834838,4.0,1.0,-1.0,52.053042651468786,-19873251.934977766,-2116188.8904756457,11
2825,-0.874009878059951,-18.670575484064077,-178.52446029662173,4.0,1.0,-1.0,52.05302655779087,-19873252.014363915,-2116189.6439269506,11
2826,-1.1098678687953907,-18.670594726439884,-178.52446239844733,4.0,1.0,-1.0,52.05297827452341,-19873252.24833807,-2116191.9049661756,11
2827,-1.2439650080082174,-18.67061396946613,-178.5244644896737,4.0,1.0,-1.0,52.05293000823622,-19873252.481132325,-2116194.166082091,11
2831,-0.8441661686015323,-18.6707294409871,-178.52447689936304,4.0,1.0,-1.0,52.05264076793355,-19873253.86257262,-2116207.7343532126,12
2833,-0.7346564676763592,-18.670742272421776,-178.5244782692167,4.0,1.0,-1.0,52.05260866832759,-19873254.01506404,-2116209.242088184,12
2835,-0.7283415392062125,-18.670780761134143,-178.52448240468294,4.0,1.0,-1.0,52.052512433134325,-19873254.475422032,-2116213.764636746,12
2837,-0.7627762327920209,-18.670787175254446,-178.52448309661355,4.0,1.0,-1.0,52.05249640283728,-19873254.552447394,-2116214.51831679,12
2839,-0.7435083733030297,-18.67080641994253,-178.52448516000467,4.0,1.0,-1.0,52.052448318538154,-19873254.782143045,-2116216.7796305413,12
2842,-0.7530156168422764,-18.67087056290116,-178.52449203231748,4.0,1.0,-1.0,52.05228818695832,-19873255.547165405,-2116224.316639683,12
2844,-0.5651654567132027,-18.670883392769202,-178.52449338666685,4.0,4.0,-1.0,52.052256182274505,-19873255.697930887,-2116225.8241918264,12
2845,-0.7491687375222682,-18.670889804393386,-178.52449408946873,4.0,1.0,-1.0,52.05224019128946,-19873255.77616644,-2116226.577579024,12
2846,-0.5772430415227063,-18.67090263368001,-178.52449544406164,4.0,4.0,-1.0,52.05220820046452,-19873255.92695903,-2116228.0850630184,12
2847,-0.6486965427889118,-18.670909046584697,-178.52449613575214,4.0,1.0,-1.0,52.05219221248808,-19873256.003957663,-2116228.8386007636,12
2850,-0.6019287996641651,-18.670960351807498,-178.5245016035272,4.0,1.0,-1.0,52.052064378149225,-19873256.6126276,-2116234.8671370377,12
2852,-0.7049247950712925,-18.671005238809972,-178.52450638963253,4.0,1.0,-1.0,52.05195264424219,-19873257.14541441,-2116240.141512325,12
2853,-0.6588989960646359,-18.671011652110177,-178.52450706682848,4.0,1.0,-1.0,52.05193668835636,-19873257.220799517,-2116240.895097003,12
2854,-0.6010366304485615,-18.67102447683159,-178.5245084235803,4.0,1.0,-1.0,52.051904787456806,-19873257.371832438,-2116242.4020456527,12
2855,-0.7161907549116222,-18.67105012244561,-178.52451115578666,4.0,1.0,-1.0,52.051841019976564,-19873257.67598026,-2116245.4154933966,12
2858,-0.636354745330209,-18.671075768466316,-178.5245138659256,4.0,1.0,-1.0,52.051777284545096,-19873257.977671545,-2116248.428989384,12
2859,-0.7706382205656155,-18.671095000445767,-178.52451591417352,4.0,1.0,-1.0,52.05172951096574,-19873258.20568146,-2116250.6888136757,12
2860,-0.6449129295338025,-18.671101412365054,-178.52451658046786,4.0,1.0,-1.0,52.051713587441554,-19873258.279853005,-2116251.442236488,12
2863,-0.7823030089862186,-18.671127052473512,-178.52451930301072,4.0,1.0,-1.0,52.05164993279868,-19873258.582925092,-2116254.4550386774,12
2864,-0.7077962478010704,-18.671127053302097,-178.52451929605425,4.0,1.0,-1.0,52.051649930743224,-19873258.5821507,-2116254.4551360384,12
2868,-0.8212958585104388,-18.671165508775616,-178.52452336344976,4.0,1.0,-1.0,52.05155452236613,-19873259.034931097,-2116258.973789183,12
2870,-0.8096093893232137,-18.671191228925423,-178.52452615562143,4.0,1.0,-1.0,52.051490751926394,-19873259.34575423,-2116261.995997652,12
2872,-0.8209433973279374,-18.671210434385788,-178.52452815628334,4.0,1.0,-1.0,52.051443155665766,-19873259.568466894,-2116264.2527073952,12
2873,-0.8973641824281913,-18.671210433792233,-178.52452816344424,4.0,1.0,-1.0,52.05144315713733,-19873259.56926404,-2116264.2526376494,12
2875,-1.050033390184126,-18.67126164192801,-178.5245334988981,4.0,1.0,-1.0,52.05131634031386,-19873260.163204048,-2116270.2697765655,12
2876,-0.8485531221881502,-18.67128084519206,-178.52453547139538,4.0,1.0,-1.0,52.05126881745855,-19873260.38278144,-2116272.5262291706,12
2877,-0.8859658564706479,-18.671293645914837,-178.5245368013295,4.0,1.0,-1.0,52.05123714944784,-19873260.53082903,-2116274.0303602857,12
2880,-0.8568156314750013,-18.671325644027846,-178.52454011025995,4.0,1.0,-1.0,52.051158024583856,-19873260.89917748,-2116277.790254524,12
2881,-0.7482471394132517,-18.67134484225959,-178.52454208430686,4.0,1.0,-1.0,52.051110575939674,-19873261.11892738,-2116280.0461166655,12
2882,-0.7426820391374349,-18.671351239326793,-178.52454274454357,4.0,1.0,-1.0,52.05109476963116,-19873261.19242459,-2116280.797795416,12
2885,-0.6833673101332352,-18.671351239986297,-178.52454273900557,4.0,1.0,-1.0,52.05109476800317,-19873261.191808105,-2116280.7978729084,12
2886,-0.7727039770561532,-18.671376832876387,-178.5245453888612,4.0,1.0,-1.0,52.051031551927736,-19873261.486788686,-2116283.8051312063,12
2888,-0.7653940632694685,-18.67137683295765,-178.52454538817878,4.0,1.0,-1.0,52.05103155172583,-19873261.486712717,-2116283.805140755,12
2890,-0.896605490582715,-18.671389628646217,-178.5245467199588,4.0,1.0,-1.0,52.050999957902604,-19873261.634965792,-2116285.3086811835,12
2893,-0.6023861662843046,-18.67144081209039,-178.52455196170988,4.0,1.0,-1.0,52.050873663200036,-19873262.218474854,-2116291.322925104,12
2898,-0.7634998976395764,-18.671472793614953,-178.52455526331494,4.0,1.0,-1.0,52.05079481591201,-19873262.58600785,-2116295.0808733986,12
2899,-0.588739650620937,-18.671479191995882,-178.5245559037327,4.0,4.0,-1.0,52.0507790475076,-19873262.657298826,-2116295.8327070824,12
2904,-0.6502268912349791,-18.671511171286834,-178.52455919024254,4.0,1.0,-1.0,52.05070026741487,-19873263.023151428,-2116299.5903937705,12
2905,-0.6738299620787984,-18.671517567248525,-178.52455984810047,4.0,1.0,-1.0,52.05068451730949,-19873263.096383836,-2116300.341943355,12
2910,-0.6690677657907145,-18.67154314869754,-178.5245624682313,4.0,1.0,-1.0,52.05062154335246,-19873263.388055466,-2116303.3478602315,12
2911,-0.6504135364207286,-18.67154954409738,-178.5245631212058,4.0,1.0,-1.0,52.05060580490863,-19873263.460744258,-2116304.0993439388,12
2912,-0.824640896886649,-18.671555937262,-178.52456379201791,4.0,1.0,-1.0,52.05059007402269,-19873263.53541872,-2116304.8505650274,12
2917,-0.5810838112702186,-18.671575122175582,-178.52456573165196,4.0,4.0,-1.0,52.05054288035899,-19873263.751337793,-2116307.104865298,12
2929,-0.5462743887032957,-18.671671031343113,-178.52457552035685,4.0,4.0,-1.0,52.050307227336816,-19873264.841011435,-2116318.3745608837,-1
2931,-0.5567393634250948,-18.671683817226672,-178.5245768244811,4.0,4.0,-1.0,52.0502758467901,-19873264.986185886,-2116319.8769517955,-1
2943,-0.5308395858537551,-18.67184361324965,-178.52459307305955,4.0,4.0,-1.0,52.04988435055566,-19873266.794969365,-2116338.6536138644,13
2944,-0.5405662321409181,-18.67186278552277,-178.52459502023,4.0,4.0,-1.0,52.04983746520156,-19873267.01172739,-2116340.9064326575,13
2947,-0.550373544888771,-18.671869176147236,-178.52459566976495,4.0,4.0,-1.0,52.049821841183075,-19873267.084033288,-2116341.657356653,13
2949,-0.5451006794855857,-18.671869176205824,-178.52459566927288,4.0,4.0,-1.0,52.049821841039375,-19873267.08397851,-2116341.657363541,13
2952,-0.6302753826212211,-18.671888347289784,-178.52459762270865,4.0,1.0,-1.0,52.04977498322478,-19873267.301433984,-2116343.9100429392,13
2969,-0.5296600916767602,-18.67200336414219,-178.5246092761639,4.0,4.0,-1.0,52.04949424780534,-19873268.59869069,-2116357.4249906214,-1
2971,-0.503163919778217,-18.672009753842346,-178.5246099213115,4.0,4.0,-1.0,52.049478671195175,-19873268.670508195,-2116358.17580663,-1
2976,-0.5719221815902529,-18.67202892122489,-178.52461187050184,4.0,4.0,-1.0,52.04943195785927,-19873268.887491066,-2116360.428052968,-1
2983,-0.5905489402848616,-18.672067254798886,-178.52461575732187,4.0,4.0,-1.0,52.04933858948789,-19873269.320169892,-2116364.9324064455,-1
3003,-1.9310065919007684,-18.672163068815,-178.52462559590577,4.0,1.0,-1.0,52.04910554009621,-19873270.415396046,-2116376.1909540487,-1
3011,-0.5482014876315588,-18.672201413078106,-178.52462935352693,4.0,4.0,-1.0,52.04901240424442,-19873270.83369252,-2116380.69656711,-1
3014,-0.5375459396905171,-18.672239738965388,-178.52463324046713,4.0,4.0,-1.0,52.04891938687251,-19873271.26638472,-2116385.200021949,-1
3028,-0.5334345475484952,-18.672354716620774,-178.5246449169643,4.0,4.0,-1.0,52.04864077775346,-19873272.56620644,-2116398.710391821,-1
3029,-0.6957890196595145,-18.672354715072192,-178.52464493214737,4.0,1.0,-1.0,52.0486407815024,-19873272.567896612,-2116398.710209856,-1
3033,-0.8213757529874783,-18.672386650765457,-178.52464819175475,4.0,1.0,-1.0,52.04856351415583,-19873272.930754445,-2116402.4627930284,-1
3034,-0.6938569547864972,-18.672393039521452,-178.5246488296868,4.0,1.0,-1.0,52.048548062924965,-19873273.00176872,-2116403.213499793,-1
3050,-1.1212491871033308,-18.672482383723818,-178.52465793615684,4.0,1.0,-1.0,52.04833219860848,-19873274.015496325,-2116413.711837197,-1
3052,-1.693427284228619,-18.672520737791107,-178.52466192265456,4.0,1.0,-1.0,52.04823965452488,-19873274.459271222,-2116418.218610775,-1
3072,-0.7331274534521981,-18.67273809646922,-178.524684200176,4.0,1.0,-1.0,52.04771658914069,-19873276.939193565,-2116443.759241952,-1
3157,-0.8834407711829044,-18.674153533023723,-178.52483318313494,4.0,1.0,-1.0,52.04436847697434,-19873293.52390069,-2116610.0802620845,-1
3191,-0.9842316776589541,-18.674662294768726,-178.52488739790138,4.0,1.0,-1.0,52.04318964084996,-19873299.559060883,-2116669.8627033294,-1
3232,-0.7534585877456266,-18.67573440701724,-178.5250005023721,4.0,1.0,-1.0,52.04074807752477,-19873312.149792973,-2116795.8426674157,-1
3614,-2.129547455750526,-18.682811646829418,-178.52573947110938,4.0,1.0,-1.0,52.026080262452524,-19873394.411416516,-2117627.4830609253,-1
3622,-0.5676509629311113,-18.682927377092838,-178.52575117221718,4.0,1.0,-1.0,52.02586132826036,-19873395.71397788,-2117641.082713754,-1
3652,-1.607586245354014,-18.683415803931748,-178.52580086481,4.0,1.0,-1.0,52.024944756582045,-19873401.24573201,-2117698.4786540014,-1
3799,-0.9498036310055795,-18.685812995144655,-178.52605128607766,4.0,1.0,-1.0,52.02062008181929,-19873429.122500006,-2117980.179421318,-1
3812,-1.1782049361095233,-18.68606318653913,-178.52607750182537,4.0,1.0,-1.0,52.02018536769356,-19873432.040823694,-2118009.580354414,-1
3885,-9.71468606610415,-18.687259702481303,-178.52620555992598,4.0,1.0,-1.0,52.01814989274499,-19873446.296186246,-2118150.1880497667,-1
3892,-9.487000445024933,-18.68732343538241,-178.52621232567222,4.0,1.0,-1.0,52.018043490908894,-19873447.049345672,-2118157.6776028583,-1
3937,-0.568440997316884,-18.68802958541419,-178.52628540361002,4.0,1.0,-1.0,52.01687823893553,-19873455.184344497,-2118240.6608043425,-1
4063,-0.547800334931253,-18.69013170186314,-178.52650503900074,4.0,1.0,-1.0,52.01355779520782,-19873479.63404435,-2118487.6930085775,-1
4087,-0.5120600538771214,-18.690425794100545,-178.5265359231197,4.0,1.0,-1.0,52.01311096579775,-19873483.072048746,-2118522.253780697,-1
4271,-0.5754763795212057,-18.692897424631983,-178.5267949236587,4.0,1.0,-1.0,52.009527486334264,-19873511.903856866,-2118812.7142083696,-1
4328,-2.2664848990675637,-18.693753740074136,-178.5268841761903,4.0,1.0,-1.0,52.00835758148787,-19873521.83940323,-2118913.347450403,-1
4375,-1.6182169247749698,-18.694391348797172,-178.5269487489211,4.0,1.0,-1.0,52.00751041426702,-19873529.027606744,-2118988.2788516497,-1
4444,-1.8881551998210853,-18.695277448243576,-178.52703881077647,4.0,1.0,-1.0,52.0063670181371,-19873539.053246625,-2119092.413204746,-1
4491,-2.6510786146895953,-18.695870841801682,-178.5271012924606,4.0,1.0,-1.0,52.00562338444615,-19873546.008675884,-2119162.1490843073,-1
4500,-1.1451936237640439,-18.695960199314946,-178.5271106933183,4.0,1.0,-1.0,52.00551293593344,-19873547.055174578,-2119172.6504408885,-1
4515,-0.7402651614256683,-18.696164356543076,-178.52713252160046,4.0,1.0,-1.0,52.00526209755844,-19873549.48508783,-2119196.6431599255,-1
4649,-1.6684395048446277,-18.698108132657236,-178.52733738462987,4.0,1.0,-1.0,52.00297879820755,-19873572.29033595,-2119425.078716384,-1
4699,-1.2787756833586172,-18.698686113200377,-178.52739664839692,4.0,1.0,-1.0,52.002336490571906,-19873578.88754832,-2119493.0043840413,-1
4829,-0.7126078525311641,-18.700829565716013,-178.52762108260833,4.0,1.0,-1.0,52.00010107876551,-19873603.87145045,-2119744.91011908,-1
5034,-2.6321350928251377,-18.703385343674956,-178.52788644111806,4.0,1.0,-1.0,51.9977374866412,-19873633.41102463,-2120045.27789385,-1
5178,-0.9722514716927435,-18.705388056183395,-178.5281010831677,4.0,1.0,-1.0,51.99611480608837,-19873657.304868303,-2120280.6498278314,-1
5209,-1.7898646674234442,-18.705694748460477,-178.52813379374393,4.0,1.0,-1.0,51.99588411141485,-19873660.94619299,-2120316.6945654815,-1
5224,-1.613453716327058,-18.70585494926773,-178.52815058186198,4.0,1.0,-1.0,51.99576548773621,-19873662.815037742,-2120335.522571489,-1
5252,-3.0976343528227517,-18.70620763704007,-178.52818738605959,4.0,1.0,-1.0,51.99550887952864,-19873666.91206228,-2120376.97315887,-1
5415,-0.5049472861051072,-18.70834633394694,-178.5284077688218,4.0,1.0,-1.0,51.99408671757374,-19873691.44495915,-2120628.331166183,-1
5440,-0.6063352907549415,-18.708709524100357,-178.52844573198672,4.0,1.0,-1.0,51.993868044330156,-19873695.670999337,-2120671.0167042287,-1
5532,-0.5706142980561708,-18.709769708927638,-178.52855778963456,4.0,1.0,-1.0,51.993267641955754,-19873708.145199634,-2120795.6201653113,-1
5739,-0.7511633785507001,-18.71261814821888,-178.52885583688857,4.0,1.0,-1.0,51.99193431959429,-19873741.323668182,-2121130.4009369607,-1
5932,-0.577678775628101,-18.71493243441563,-178.5290961636922,4.0,1.0,-1.0,51.991151300853744,-19873768.076725587,-2121402.4061521734,-1
5964,-0.8418422729882877,-18.71535950336903,-178.52914072169108,4.0,1.0,-1.0,51.99103622848634,-19873773.036899332,-2121452.601294053,-1
6008,-0.5037939385370009,-18.71608021373086,-178.52921659882347,4.0,4.0,-1.0,51.990862824624855,-19873781.483503073,-2121537.3095860877,-1
6099,-0.5979692104365313,-18.717184135467843,-178.52933225781373,4.0,1.0,-1.0,51.990647840884776,-19873794.358602975,-2121667.059114183,-1
6144,-0.6821346129090671,-18.717679228780646,-178.5293826594962,4.0,1.0,-1.0,51.990571319409355,-19873799.969292603,-2121725.250220719,-1
6252,-2.0315290547996483,-18.718938049044798,-178.52951476038695,4.0,1.0,-1.0,51.990432243557734,-19873814.67469649,-2121873.2072261926,-1
6299,-2.6494201324103415,-18.719491050463652,-178.52957414060606,4.0,1.0,-1.0,51.99039632767017,-19873821.28487225,-2121938.205284011,-1
6355,-0.7741479706555765,-18.72018817514104,-178.52964620919184,4.0,1.0,-1.0,51.99037295338712,-19873829.307510518,-2122020.1434419453,-1
6484,-1.5191444224833504,-18.722103656382288,-178.5298488756275,4.0,1.0,-1.0,51.99043449649798,-19873851.868234936,-2122245.285690103,-1
6586,-0.8846854396338131,-18.72345621040943,-178.52998735059015,4.0,1.0,-1.0,51.99058903954756,-19873867.283197265,-2122404.264014262,-1
6613,-1.156543771538054,-18.72385110019202,-178.5300283567392,4.0,1.0,-1.0,51.990651501699176,-19873871.847980898,-2122450.6793433903,-1
6741,-0.5032902523903431,-18.725586980995445,-178.5302106736335,4.0,4.0,-1.0,51.99101903240262,-19873892.143404733,-2122654.7159890374,-1
6810,-1.703318306332676,-18.726557936954872,-178.5303133078448,4.0,1.0,-1.0,51.99129066007117,-19873903.568592876,-2122768.843746506,-1
6829,-0.5231560243541935,-18.7268324619403,-178.5303425208268,4.0,4.0,-1.0,51.99137605208489,-19873906.820567153,-2122801.111982866,-1
6839,-0.6064683030945162,-18.726960171790736,-178.5303561332011,4.0,1.0,-1.0,51.99141706770024,-19873908.335889734,-2122816.123281516,-1
6841,-0.6185706796827617,-18.72697294502709,-178.53035749310564,4.0,1.0,-1.0,51.99142121508157,-19873908.48727361,-2122817.624676628,-1
6849,-0.6465441496416133,-18.72709429868612,-178.5303703843451,4.0,1.0,-1.0,51.99146102683335,-19873909.922319826,-2122831.888866053,-1
7099,-0.5612944773997697,-18.730477592987782,-178.53072338440174,4.0,4.0,-1.0,51.9928689548924,-19873949.218106378,-2123229.573217594,-1
7100,-1.0077104136362323,-18.730490364068732,-178.53072473712302,4.0,1.0,-1.0,51.992875359457685,-19873949.368690625,-2123231.0743906014,-1
7105,-0.8049679315440699,-18.730598984390205,-178.53073585558175,4.0,1.0,-1.0,51.99293016279444,-19873950.606391788,-2123243.8421393754,-1
7147,-1.3789650574799452,-18.731187467713948,-178.53079614098897,4.0,1.0,-1.0,51.99323738621024,-19873957.31733262,-2123313.015408547,-1
7172,-0.6242939571970965,-18.731456457617778,-178.53082374658405,4.0,1.0,-1.0,51.993383611630634,-19873960.39037341,-2123344.633905594,-1
7176,-0.9379589385939653,-18.731558955326705,-178.53083435735493,4.0,1.0,-1.0,51.99344028726591,-19873961.571559023,-2123356.682042062,-1
7264,-0.5742975766779637,-18.732844771509484,-178.53096657993177,4.0,4.0,-1.0,51.99419613617283,-19873976.290508945,-2123507.824469042,-1
7272,-1.630786692631773,-18.73295323586083,-178.53097779667414,4.0,1.0,-1.0,51.99426369605135,-19873977.539150994,-2123520.574061997,-1
7423,-1.4027531193360119,-18.735172952649034,-178.53121543562068,4.0,1.0,-1.0,51.99577618263356,-19874003.992997516,-2123781.4955553114,-1
7451,-1.0715967065366385,-18.735396070496577,-178.53123833318085,4.0,1.0,-1.0,51.99594190998505,-19874006.541942257,-2123807.7226231876,14
7455,-0.5755733747901104,-18.73545345475134,-178.53124414356571,4.0,4.0,-1.0,51.99598493835947,-19874007.18875134,-2123814.46803603,14
7456,-0.5561842223846725,-18.735453454967445,-178.53124414175426,4.0,4.0,-1.0,51.99598493852136,-19874007.18854969,-2123814.4680614327,14
7457,-0.6943351691411408,-18.735459829701966,-178.53124480469614,4.0,1.0,-1.0,51.99598972869535,-19874007.262348045,-2123815.2173998062,14
7458,-0.5927281456097262,-18.735478958322346,-178.53124674429142,4.0,4.0,-1.0,51.9960041148006,-19874007.4782628,-2123817.46593429,14
7459,-0.5327074838651242,-18.73548533477486,-178.5312473880907,4.0,4.0,-1.0,51.99600891444061,-19874007.549930207,-2123818.215474725,14
7460,-0.655032743938591,-18.735504461589038,-178.53124934700776,4.0,1.0,-1.0,51.99602332370523,-19874007.76799586,-2123820.463797233,14
7461,-0.5968038355126737,-18.73551721529272,-178.53125063934093,4.0,4.0,-1.0,51.99603294197914,-19874007.911857728,-2123821.9629722387,14
7469,-0.5389075705647883,-18.73563199810548,-178.53126229509942,4.0,4.0,-1.0,51.99611987395292,-19874009.20937083,-2123835.45549121,-1
7509,-1.6153889279689793,-18.736302099428336,-178.53133048035536,4.0,1.0,-1.0,51.9966406002477,-19874016.7997188,-2123914.2249132055,-1
7515,-1.793523947338599,-18.73641080515459,-178.53134176560113,4.0,1.0,-1.0,51.996727201594695,-19874018.055986613,-2123927.0031404253,-1
7563,-0.5420213907723337,-18.73705694103392,-178.5314097787152,4.0,4.0,-1.0,51.99725420869254,-19874025.627171837,-2124002.9558046795,-1
7602,-1.8804161596776794,-18.737606705244495,-178.53146890350783,4.0,1.0,-1.0,51.997719135348234,-19874032.208913647,-2124067.580298777,-1
7650,-1.7126315456998782,-18.738174377555865,-178.5315299916362,4.0,1.0,-1.0,51.998215148498275,-19874039.009212993,-2124134.310101446,-1
7669,-1.1969246261228363,-18.7384994348423,-178.53156428853165,4.0,1.0,-1.0,51.99850646560844,-19874042.82712593,-2124172.5206420487,-1
7676,-1.3846855685624178,-18.738588661842076,-178.5315736204414,4.0,1.0,-1.0,51.998587360052625,-19874043.86594937,-2124183.009304267,-1
7769,-1.6012647801658204,-18.739794693970914,-178.53169526435744,4.0,1.0,-1.0,51.99972002427057,-19874057.40728816,-2124324.779308433,-1
7779,-0.5382162662508563,-18.739922598947704,-178.5317081165923,4.0,4.0,-1.0,51.99984443613721,-19874058.837992404,-2124339.814696188,-1
7782,-0.5998117660037678,-18.739954576931325,-178.5317113764686,4.0,4.0,-1.0,51.999875669287576,-19874059.20088017,-2124343.5737493774,-1
7789,-0.5341509905324529,-18.74008252956098,-178.5317244595145,4.0,4.0,-1.0,52.000001155915015,-19874060.657278176,-2124358.614753026,15
7792,-0.6181037201163235,-18.740108123155313,-178.53172709943738,4.0,4.0,-1.0,52.00002635501187,-19874060.951153047,-2124361.623315819,15
7793,-0.5358387436604062,-18.740120922080518,-178.53172840965104,4.0,4.0,-1.0,52.00003896900489,-19874061.097005367,-2124363.1278475407,15
7795,-0.6100820678825585,-18.74013996033948,-178.53173024883026,4.0,4.0,-1.0,52.00005774741112,-19874061.30174186,-2124365.3658219595,15
7796,-0.5064395584940939,-18.740152779765975,-178.53173158000567,4.0,4.0,-1.0,52.000070402129495,-19874061.449927628,-2124366.872763922,15
7797,-1.8572123666522202,-18.740165585700566,-178.53173304853948,4.0,1.0,-1.0,52.00008305177653,-19874061.613404065,-2124368.378120005,-1
7798,-0.6181385908184893,-18.74017841974882,-178.53173427628124,4.0,4.0,-1.0,52.00009573746502,-19874061.750075653,-2124369.8867810024,15
7799,-0.6295235294728627,-18.740191241580344,-178.53173562220297,4.0,4.0,-1.0,52.00010841934272,-19874061.899902977,-2124371.3940060223,15
7800,-0.5481531762570739,-18.74019124223113,-178.53173561457652,4.0,4.0,-1.0,52.000108419986645,-19874061.899054002,-2124371.3940825225,15
7802,-0.6220800615133157,-18.74024252815469,-178.53174101252947,4.0,4.0,-1.0,52.00015922874627,-19874062.499951378,-2124377.422818871,15
7804,-0.6354343649477414,-18.740248938974776,-178.5317416889655,4.0,4.0,-1.0,52.00016558921743,-19874062.57525189,-2124378.176420405,15
7805,-0.6424639135561847,-18.74026817141503,-178.53174371683542,4.0,4.0,-1.0,52.00018468300004,-19874062.80099334,-2124380.437222829,15
7806,-0.7904436910662298,-18.740293813588433,-178.5317464375351,4.0,1.0,-1.0,52.000210169224374,-19874063.10386024,-2124383.4514994724,15
7807,-0.5540869879937418,-18.740306637718756,-178.53174777048298,4.0,4.0,-1.0,52.00022292775793,-19874063.25224332,-2124384.958995749,15
7808,-0.619858108486369,-18.74031304869179,-178.53174845464082,4.0,4.0,-1.0,52.00022930903651,-19874063.328403424,-2124385.7126155477,15
7809,-0.7157872726234018,-18.740319458574284,-178.53174914180272,4.0,1.0,-1.0,52.00023569129735,-19874063.404897936,-2124386.4661071827,15
7810,-0.5875028618097531,-18.740332281335814,-178.5317504869506,4.0,4.0,-1.0,52.00024846499764,-19874063.554639112,-2124387.9734427836,15
7811,-1.4071191964490026,-18.740338683085678,-178.53175124249032,4.0,1.0,-1.0,52.00025484534672,-19874063.63874541,-2124388.725978499,15
7812,-0.6474385065939714,-18.740351512938584,-178.53175253021448,4.0,4.0,-1.0,52.000267638512014,-19874063.782094207,-2124390.234147873,15
7813,-0.5950617598991812,-18.74035151352235,-178.5317525253218,4.0,4.0,-1.0,52.00026763909409,-19874063.781549554,-2124390.234216496,15
7819,-2.3201760511565226,-18.740428417343193,-178.53176085881827,4.0,1.0,-1.0,52.00034449643135,-19874064.70923014,-2124399.2743839156,-1
7874,-0.7460501153573205,-18.741228041726615,-178.53184685355833,4.0,1.0,-1.0,52.00116125203567,-19874074.282120816,-2124493.2717559473,-1
7955,-0.5797852926220912,-18.742282536229197,-178.5319584650996,4.0,4.0,-1.0,52.002287474309924,-19874086.706660755,-2124617.2302773013,-1
7959,-0.5030000731726432,-18.742333433303173,-178.53196373522016,4.0,4.0,-1.0,52.00234324738449,-19874087.29332789,-2124623.2133778906,-1
7967,-1.8960841303887719,-18.74240345294185,-178.5319711149218,4.0,1.0,-1.0,52.00242018776771,-19874088.114832517,-2124631.4443950946,-1
7968,-2.0811299345314183,-18.74243530456545,-178.53197442516625,4.0,1.0,-1.0,52.00245526915387,-19874088.483327247,-2124635.1886495044,-1
8031,-3.313022672855368,-18.74325651629334,-178.53205885493819,4.0,1.0,-1.0,52.00337735775247,-19874097.882006466,-2124731.724808509,-1
8033,-2.946539353549724,-18.743275842688558,-178.5320608106888,4.0,1.0,-1.0,52.00339946643544,-19874098.09971963,-2124733.9966959436,-1
8050,-1.7642265677955038,-18.743526881566332,-178.53208668833287,4.0,1.0,-1.0,52.00368835138033,-19874100.98040579,-2124763.507244706,-1
8142,-1.662947630614326,-18.744870526043886,-178.53223103528813,4.0,1.0,-1.0,52.00528840982952,-19874117.049035348,-2124921.458369543,-1
8258,-1.6454619135715802,-18.74650206997861,-178.53240008042047,4.0,1.0,-1.0,52.00735330134739,-19874135.8670534,-2125113.2549903146,-1
8303,-1.1327811999703954,-18.74707128708276,-178.53245894545978,4.0,1.0,-1.0,52.008105188420814,-19874142.419879604,-2125180.1699083378,-1
8404,-0.5475694924762138,-18.748085256546368,-178.5325649080557,4.0,4.0,-1.0,52.00948489906659,-19874154.21558182,-2125299.368718769,-1
8408,-1.3634003717284031,-18.748136285372837,-178.53257030322098,4.0,1.0,-1.0,52.009555699902194,-19874154.816168875,-2125305.367513426,-1
8418,-0.6025959412322663,-18.74822562756481,-178.53257953559594,4.0,4.0,-1.0,52.00967997445878,-19874155.843912154,-2125315.870315934,-1
8441,-1.4947251834714734,-18.748500178590234,-178.53260815849103,4.0,1.0,-1.0,52.01006438443983,-19874159.03019826,-2125348.1457531354,-1
8479,-1.744878409267585,-18.748858173205317,-178.53264528060222,4.0,1.0,-1.0,52.01057131815105,-19874163.162612777,-2125390.2306601154,-1
8490,-0.6982684796630565,-18.748960555689365,-178.53265577314835,4.0,1.0,-1.0,52.010717480126914,-19874164.330637667,-2125402.266492533,-1
8529,-0.9542498855107624,-18.749460247938853,-178.532707356981,4.0,1.0,-1.0,52.01143840529039,-19874170.072923653,-2125461.009186235,-1
8539,-0.5249783912140629,-18.749556387495307,-178.53271723885703,4.0,4.0,-1.0,52.01157854912526,-19874171.17296906,-2125472.3111555786,-1
8618,-0.7007277376387719,-18.750623234460537,-178.53282879994714,4.0,1.0,-1.0,52.013164886757295,-19874183.5918928,-2125597.7279317696,-1
8685,-0.8179798705418762,-18.75175510671997,-178.53294826713707,4.0,1.0,-1.0,52.01491045727198,-19874196.89091955,-2125730.78984139,-1
8768,-1.4111015641819904,-18.75315677216948,-178.53309357158432,4.0,1.0,-1.0,52.0171613486782,-19874213.066136632,-2125895.5696385144,-1
8770,-2.7599730440410895,-18.75316317228773,-178.53309438514253,4.0,1.0,-1.0,52.017171852910906,-19874213.156701516,-2125896.3220395874,-1
8785,-0.7950397121103379,-18.753355551417496,-178.53311485857387,4.0,1.0,-1.0,52.01748855739061,-19874215.435793467,-2125918.938238694,-1
